SAMPLE_ID,Source,Source_path,Question,Answer
TRAIN_000,1-1 2024 주요 재정통계 1권,./train_source/1-1 2024 주요 재정통계 1권.pdf,2024년 중앙정부 재정체계는 어떻게 구성되어 있나요?,"2024년 중앙정부 재정체계는 예산(일반·특별회계)과 기금으로 구분되며, 2024년 기준으로 일반회계 1개, 특별회계 21개, 기금 68개로 구성되어 있습니다."
TRAIN_001,1-1 2024 주요 재정통계 1권,./train_source/1-1 2024 주요 재정통계 1권.pdf,2024년 중앙정부의 예산 지출은 어떻게 구성되어 있나요?,"2024년 중앙정부의 예산 지출은 일반회계 356.5조원, 21개 특별회계 81.7조원으로 구성되어 있습니다."
TRAIN_002,1-1 2024 주요 재정통계 1권,./train_source/1-1 2024 주요 재정통계 1권.pdf,기금이 예산과 다른 점은?,"기금은 예산과 구분되는 재정수단으로서 재정운영의 신축성을 기할 필요가 있을 때, 정부가 편성하고 국회에서 심의・의결한 기금운용계획에 의해 운용됩니다."
TRAIN_003,1-1 2024 주요 재정통계 1권,./train_source/1-1 2024 주요 재정통계 1권.pdf,"일반회계, 특별회계, 기금 간의 차이점은 무엇인가요?","일반회계는 특정 사업 운영 및 특정 세입으로 특정 세출을 충당하는데 사용되고, 특별회계는 특정 목적을 위해 특정 자금을 운용하며, 기금은 재정운영의 신축성을 기할 필요가 있을 때 사용됩니다."
TRAIN_004,1-1 2024 주요 재정통계 1권,./train_source/1-1 2024 주요 재정통계 1권.pdf,"2024년 총수입은 얼마이며, 예산수입과 기금수입은 각각 몇 조원인가요?","2024년 총수입은 612.2조원이며, 예산수입은 395.5조원, 기금수입은 216.7조원입니다."
TRAIN_005,1-1 2024 주요 재정통계 1권,./train_source/1-1 2024 주요 재정통계 1권.pdf,2024년도 예산수입은 어떻게 구성되어 있나요?,"2024년도 예산수입은 국세수입 367.3조원, 세외수입 28.2조원으로 구성되어 있습니다."
TRAIN_006,1-1 2024 주요 재정통계 1권,./train_source/1-1 2024 주요 재정통계 1권.pdf,2024년의 기금수입은 어떻게 구성되어 있나요?,"2024년도 기금수입은 사회보장성기금 92.3조원, 경상이전수입 39.6조원, 기타 84.7조원으로 구성되어 있습니다."
TRAIN_007,1-1 2024 주요 재정통계 1권,./train_source/1-1 2024 주요 재정통계 1권.pdf,"2024년 국세수입은 얼마이며, 일반회계와 특별회계의 규모는 각각 얼마인가요?","2024년 국세수입은 367.3조원이며, 일반회계는 356.1조원, 특별회계는 11.2조원입니다."
TRAIN_008,1-1 2024 주요 재정통계 1권,./train_source/1-1 2024 주요 재정통계 1권.pdf,2024년도 국세수입 중 일반회계 내국세수입은 몇 조원인가요?,2024년도 일반회계 내국세수입은 321.6조원입니다.
TRAIN_009,1-1 2024 주요 재정통계 1권,./train_source/1-1 2024 주요 재정통계 1권.pdf,2024년도 세외수입 규모와 구성은 어떤가요?,"2024년 세외수입은 일반회계에서 11.2조원, 특별회계에서 17.0조원으로 나타났습니다."
TRAIN_010,1-1 2024 주요 재정통계 1권,./train_source/1-1 2024 주요 재정통계 1권.pdf,2024년 기금수입 중 가장 큰 비중을 차지하는 항목은 무엇인가?,기금수입 중 가장 큰 비중을 차지하는 항목은 사회보장성기금 기여금이다.
TRAIN_011,1-1 2024 주요 재정통계 1권,./train_source/1-1 2024 주요 재정통계 1권.pdf,2024년 총지출 기준 예산의 일반회계와 특별회계의 비중이 각각 얼마인가?,2024년 총지출 중 일반회계와 특별회계의 비중은 각각 54.3%와 12.4%이다.
TRAIN_012,1-1 2024 주요 재정통계 1권,./train_source/1-1 2024 주요 재정통계 1권.pdf,"2024년도 총계 기준 재정규모는 얼마이며, 예산과 기금은 각각 몇 조원으로 구성되어 있는가?","2024년도 총계 기준 재정규모는 1,573.3조원이며, 예산은 550.0조원, 기금은 1,023.3조원으로 구성되어 있다."
TRAIN_013,1-1 2024 주요 재정통계 1권,./train_source/1-1 2024 주요 재정통계 1권.pdf,"내부거래지출이란 무엇을 의미하며, 어떤 종류의 거래를 포함하고 있는가?","내부거래지출은 회계 간, 회계・기금 간, 기금 간 거래를 의미하며, 사업비 보전을 위한 전입・전출, 여유자금의 공공자금관리기금에 예수・예탁 등을 포함하고 있다."
TRAIN_014,1-1 2024 주요 재정통계 1권,./train_source/1-1 2024 주요 재정통계 1권.pdf,"보전지출이란 무엇을 의미하며, 어떤 상황에서 발생하는가?","보전지출은 회계 또는 기금의 민간차입 상환(국채상환), 남은 자금의 금융기관 예치(기금여유자금 운용) 등을 의미하며, 민간차입 상환이나 자금의 운용 상황에서 발생한다."
TRAIN_015,1-1 2024 주요 재정통계 1권,./train_source/1-1 2024 주요 재정통계 1권.pdf,"2024년에 일반회계의 총지출은 얼마이며, 중앙정부 총지출 대비 어느 정도의 비율을 차지하는가?","2024년에 일반회계의 총지출은 356.5조원으로, 중앙정부 총지출(656.6조원)의 54.3%를 차지하고 있다."
TRAIN_016,1-1 2024 주요 재정통계 1권,./train_source/1-1 2024 주요 재정통계 1권.pdf,"2024년 예산 기준 특별회계는 얼마이며, 중앙정부 총지출 대비 어느 정도의 비율을 차지하는가?",2024년 예산 기준 특별회계는 81.7조원으로 중앙정부 총지출의 12.4%를 차지한다.
TRAIN_017,1-1 2024 주요 재정통계 1권,./train_source/1-1 2024 주요 재정통계 1권.pdf,"2024년 기준으로 중앙정부의 인건비 편성 사업 규모와, 총지출 대비 인건비 사업 비중은 얼마인가?","2024년 기준으로 중앙정부의 인건비 편성 사업 규모는 46.1조원이며, 총지출의 7.0%를 차지한다."
TRAIN_018,1-1 2024 주요 재정통계 1권,./train_source/1-1 2024 주요 재정통계 1권.pdf,2024년 총지출 대비 자본지출 비중은 얼마인가요?,2024년 총지출 대비 자본지출의 비중은 6.1%입니다.
TRAIN_019,1-1 2024 주요 재정통계 1권,./train_source/1-1 2024 주요 재정통계 1권.pdf,"2020년 결산 기준, 연구개발비 중 개발연구 규모는 몇 억원인가?",2020년 결산 기준 연구개발비 중 개발연구 규모는 78754억원이다.
TRAIN_020,1-1 2024 주요 재정통계 1권,./train_source/1-1 2024 주요 재정통계 1권.pdf,세출예산현액이란?,"예산 확정 후 전년도로부터의 이월액 반영, 추경 편성, 기금운용계획 변경, 이용・전용, 예비비 증액 등을 반영한 것으로, 실제 지출할 수 있는 한도액을 의미한다."
TRAIN_021,1-1 2024 주요 재정통계 1권,./train_source/1-1 2024 주요 재정통계 1권.pdf,2022년 국가 예산의 다음 연도 이월액은 몇 조원인가?,2022년 국가 예산의 다음 연도 이월액은 4.9조원이다.
TRAIN_022,1-1 2024 주요 재정통계 1권,./train_source/1-1 2024 주요 재정통계 1권.pdf,2022년 국가 예산의 불용액은 몇 조원인가?,2022년 국가 예산의 불용액은 14.8조원이다.
TRAIN_023,1-1 2024 주요 재정통계 1권,./train_source/1-1 2024 주요 재정통계 1권.pdf,"2022년 기준, 일반회계, 특별회계, 기금의 집행률은?","2022년 기준, 집행률은 일반회계 97.3%, 특별회계 94.7%, 기금 97.6%"
TRAIN_024,1-1 2024 주요 재정통계 1권,./train_source/1-1 2024 주요 재정통계 1권.pdf,"2022년 기준, 일반회계와 기타특별회계의 이월금 차지 비율은 얼마인가?","일반회계와 기타특별회계의 이월금 차지 비율은 2022년에 각각 56.9%, 35.3%로 나타났다."
TRAIN_025,1-1 2024 주요 재정통계 1권,./train_source/1-1 2024 주요 재정통계 1권.pdf,2022년 결산 기준으로 사회보험성기금의 이월금 규모는 몇 억원인가요?,223억원입니다.
TRAIN_026,1-1 2024 주요 재정통계 1권,./train_source/1-1 2024 주요 재정통계 1권.pdf,2017년부터 2022년까지의 사업성기금의 연도별 이월금 규모 추이는 어떠한가?,"사업성기금의 이월금은 2017년 3,510억원, 2018년 3,803억원, 2019년 4,056억원, 2020년 1,679억원, 2021년 2,931억원, 2022년 3,305억원으로 변동하였다."
TRAIN_027,1-1 2024 주요 재정통계 1권,./train_source/1-1 2024 주요 재정통계 1권.pdf,2022년 기준으로 국내총생산 대비 일반정부부채와 공공부문 부채의 비중은 각각 몇 퍼센트인가?,"일반정부부채(D2)는 53.5%, 공공부문 부채(D3)는 73.5%이다."
TRAIN_028,1-1 2024 주요 재정통계 1권,./train_source/1-1 2024 주요 재정통계 1권.pdf,"2022년 기준, 국가 재무제표상 부채는 얼마이며, 이는 어떻게 구성되어 있는가?","2022년 결산 기준, 국가 재무제표상 부채는 2,326.0조원이며, 부채는 장기충당부채 1,243.2조원, 장기차입부채 812.2조원, 유동부채 220.0조원 등으로 구성되어 있다."
TRAIN_029,1-1 2024 주요 재정통계 1권,./train_source/1-1 2024 주요 재정통계 1권.pdf,"2022년에 순자산은 얼마이며, 전년 대비 어떻게 변화했는가?","2022년 기준, 순자산은 507.6조원으로, 전년 대비 163.1조원 감소했다."
TRAIN_030,1-1 2024 주요 재정통계 1권,./train_source/1-1 2024 주요 재정통계 1권.pdf,"국가채무와 일반정부부채, 공공부문부채를 작성하는 데 있어 회계기준의 차이점은 무엇인가요?","국가채무는 국가재정법과 지방재정법에 따라 현금주의 기준으로 순계 합산되며, 일반정부부채는 국가채무 추계 대상에 비영리공공기관을 더해 발생주의 기준으로 순계 합산하여 산출합니다. 공공부문부채는 일반정부부채에 비금융공기업의 부채를 발생주의 기준으로 순계 합산하여 산출합니다."
TRAIN_031,1-1 2024 주요 재정통계 1권,./train_source/1-1 2024 주요 재정통계 1권.pdf,국가채무의 산출 기준은?,"국가재정법 및 지방재정법상 재정관리 주체인 중앙정부, 지방자치단체, 교육청의 부채를 현금주의 기준으로 순계 합산하여 산출한다."
TRAIN_032,1-1 2024 주요 재정통계 1권,./train_source/1-1 2024 주요 재정통계 1권.pdf,발생주의와 현금주의의 부채 인식 방식에는 어떤 차이가 있나요?,"현금주의는 채무 수납과 지급 시점을 기준으로 수입과 비용을 인식하는 반면, 발생주의는 거래나 경제적 사건 발생 시점을 기준으로 수익과 비용을 인식합니다."
TRAIN_033,1-1 2024 주요 재정통계 1권,./train_source/1-1 2024 주요 재정통계 1권.pdf,일반정부 부채의 산출기준은?,"국가채무 추계 대상에 비영리공공기관을 더해, 발생주의 기준으로 순계 합산하여 산출하며, OECD, IMF의 기준에 부합하는 통계로 국제비교에 활용한다."
TRAIN_034,1-1 2024 주요 재정통계 1권,./train_source/1-1 2024 주요 재정통계 1권.pdf,추가경정예산은 2008년 이후 몇 번의 추가경정예산이 편성되었는가?,16회
TRAIN_035,1-1 2024 주요 재정통계 1권,./train_source/1-1 2024 주요 재정통계 1권.pdf,2022년에는 어떤 분야에 민생경제 지원을 위해 가장 많은 예산이 배분되었는가?,2022년에는 민생경제 지원을 위해 산업·중소기업 및 에너지(53.1%) 분야에 가장 많은 예산이 배분되었습니다.
TRAIN_036,1-1 2024 주요 재정통계 1권,./train_source/1-1 2024 주요 재정통계 1권.pdf,추가경정예산이란 무엇을 의미하는가?,추가경정예산은 예산 성립 후 법률로 인정되는 사유로 인해 예산에 추가 또는 변경을 가한 예산을 의미합니다.
TRAIN_037,1-1 2024 주요 재정통계 1권,./train_source/1-1 2024 주요 재정통계 1권.pdf,2007년 시행된 국가재정법에서 추경 편성 사유로 명시된 사항은 무엇인가?,"국가재정법에서 추경 편성 사유로 명시된 사항은 전쟁이나 대규모 재해가 발생한 경우, 경기침체, 대량 실업, 남북 관계의 변화, 경제협력과 같은 대내외 여건에 중대한 변화가 발생하였거나 발생할 우려가 있는 경우, 법령에 따라 국가가 지급하여야 하는 지출이 발생하거나 증가하는 경우에 한정되어 있습니다."
TRAIN_038,1-1 2024 주요 재정통계 1권,./train_source/1-1 2024 주요 재정통계 1권.pdf,"2024년 예산 기준, 지방교부세는 몇 조원이며, 작년 대비 비중이 어떻게 변화했는가?",66.8조원이며 전년 대비 11.3% 감소했다.
TRAIN_039,1-1 2024 주요 재정통계 1권,./train_source/1-1 2024 주요 재정통계 1권.pdf,지방교부세는 어떤 목적을 위해 자치단체에 교부되는 재원인가?,지방교부세는 지방자치단체 간 재원 보장과 재정 불균형 완화를 위해 자치단체에 교부하는 재원이다.
TRAIN_040,1-1 2024 주요 재정통계 1권,./train_source/1-1 2024 주요 재정통계 1권.pdf,지방교부세는 어떤 세부 항목으로 구성되어 있는가?,"지방교부세는 보통교부세, 특별교부세, 부동산교부세, 소방안전교부세로 구성되어 있다."
TRAIN_041,1-1 2024 주요 재정통계 1권,./train_source/1-1 2024 주요 재정통계 1권.pdf,"2024년 교육재정 교부금의 규모는 얼마이고, 전년 대비 추이는 어떠한가?",2024년 교육재정교부금은 73.0조원이며 전년 대비 8.9% 감소하였다.
TRAIN_042,1-1 2024 주요 재정통계 1권,./train_source/1-1 2024 주요 재정통계 1권.pdf,2024년의 교육재정교부금에서 고교 무상교육에 사용한 규모는?,"9,439억원입니다."
TRAIN_043,1-1 2024 주요 재정통계 1권,./train_source/1-1 2024 주요 재정통계 1권.pdf,2024년에 교육재정교부금에서 유아교육비 및 보육료 지원에 할당된 비중은?,4.40%
TRAIN_044,1-1 2024 주요 재정통계 1권,./train_source/1-1 2024 주요 재정통계 1권.pdf,교육재정 교부금이란?,"교육의 균형발전을 위해 교육기관 및 교육행정기관 경비를 국가가 교부하는 일반지원금으로, 일반회계 보통・특별교부금, 고교 무상교육 증액분, 특별회계 유아교육비・보육료 지원 교부금 등 4가지로 구성되었다."
TRAIN_045,1-1 2024 주요 재정통계 1권,./train_source/1-1 2024 주요 재정통계 1권.pdf,국고보조사업 규모는 2024년에 얼마이며 전년 대비 어떤 증가율을 보이는가?,국고보조사업 규모는 2024년에 89.3조원이며 전년 대비 7.4% 증가하였다.
TRAIN_046,1-1 2024 주요 재정통계 1권,./train_source/1-1 2024 주요 재정통계 1권.pdf,특별회계 국고보조금 중 국가균형발전특별회계에서 얼마가 포괄보조금으로 지출되는가?,특별회계 국고보조금 18.2조원 중 10.0조원이 국가균형발전특별회계에서 지출되는 포괄보조금이다.
TRAIN_047,1-1 2024 주요 재정통계 1권,./train_source/1-1 2024 주요 재정통계 1권.pdf,2024년의 국고보조사업(자치단체 이전)에서 기금 규모는 얼마인가?,"90,247억원으로 10.1%를 차지하고 있다."
TRAIN_048,1-1 2024 주요 재정통계 1권,./train_source/1-1 2024 주요 재정통계 1권.pdf,"총사업비 관리대상사업의 규모는 2023년 몇 조원이며, 전년 대비 얼마나 증가했나요?","총사업비 관리대상사업의 규모는 305.0조원이며, 전년 대비 30.7조원 증가했습니다."
TRAIN_049,1-1 2024 주요 재정통계 1권,./train_source/1-1 2024 주요 재정통계 1권.pdf,"총사업비 관리제도는 어떤 제도이며, 어떤 종류의 사업을 관리하는데 사용되나요?","총사업비 관리제도는 2년 이상이 소요되는 대규모 사업에 대해 사업 규모 및 사업 기간을 미리 정하여 관리하는 제도입니다. 건축・토목 사업은 1994년부터, 정보화 사업은 2010년부터, 연구개발(R&D)사업은 2015년부터 관리하고 있습니다."
TRAIN_050,2024 나라살림 예산개요,./train_source/2024 나라살림 예산개요.pdf,관리재정수지와 통합재정수지의 차이점은 무엇인가?,"관리재정수지는 통합재정수지에서 사회보장성기금 수지를 제외한 정부의 재정상태를 의미한다. 사회보장성기금에는 국민연금기금, 사립학교교직원연금기금, 고용보험기금, 산업재해보상보험 및 예방기금을 포함한다."
TRAIN_051,2024 나라살림 예산개요,./train_source/2024 나라살림 예산개요.pdf,청년층을 위한 주거비용 지원 정책과 산업단지를 청년이 선호하는 환경으로 전환하기 위한 프로젝트에 대해 설명해주세요.,"청년 월세 한시 특별지원을 1년 연장 지원하고, 청년 대상 공공분양 및 공공 임대 등 공공주택 공급을 대폭 확대하였습니다. 또한, 산리단길 프로젝트를 추진하여 기숙사형 오피스텔, 편의시설 등을 조성하는 산단환경개선펀드를 대폭 확대하고, 청년복합문화센터 및 아름다운거리를 조성하였습니다."
TRAIN_052,2024 나라살림 예산개요,./train_source/2024 나라살림 예산개요.pdf,"임신·출산을 희망하는 가구에 어떤 지원이 신규로 이뤄지고 있으며, 고위험 임산부와 미숙아·선천성 이상아의 의료비 지원은 어떻게 이루어지는가?","임신·출산을 희망하는 가구에는 필수가임력(생식건강) 검진비와 냉동난자를 활용한 보조 생식술 비용을 신규로 지원하며, 고위험 임산부와 미숙아·선천성 이상아의 의료비는 소득수준에 관계없이 지원된다."
TRAIN_053,2024 나라살림 예산개요,./train_source/2024 나라살림 예산개요.pdf,농어가 소득과 생활안전망 확충을 위해 어떤 지원이 추가되었는가?,"경작면적이 0.5ha 이하인 소규모 농가에게는 2023년 120만원에서 2024년 130만원으로 직불금이 인상된다. 고령농업인을 위해서는 소유 농지를 청년농 등에게 양도하고 은퇴하는 고령농에게는 ha당 월 50만원의 직불금을 지원하는 농지이양 은퇴직불이 도입되며, 농지연금과 연계해 노후생활안정자금이 추가로 지급된다."
TRAIN_054,2024 나라살림 예산개요,./train_source/2024 나라살림 예산개요.pdf,"전세사기 예방 및 피해자 지원을 위해 어떤 예산이 편성되었으며, 어떤 조직이 운영되고 있는가?","전세사기 예방을 위해 118억원을 편성하였고, 전세사기 피해지원위원회와 전담 대응조직인 전세사기 피해지원단 운영 예산으로 21억원을 편성하였다. 또한, 전세사기피해자들을 구제하기 위해 매입임대 예산으로 7,125억원을 추가하였으며, 정책지원 대출을 통해 전세사기피해자들이 주택을 구입하거나 전세를 마련할 때 6,145억원을 지원할 예정이다."
TRAIN_055,2024 나라살림 예산개요,./train_source/2024 나라살림 예산개요.pdf,"이상기후로 인한 수해 관련 재해 대응을 위해 어떤 시설이 신규 설치되고 있으며, 그 목적은 무엇인가?","빗물저장시설(우수저류시설) 6개소와 하천 수위계 센서에 연계하여 자동으로 출입을 통제하는 시설이 전국 180개소에 구축 중이며, 이는 도심 저지대 침수피해를 예방하고 하상도로 이용자의 인명피해를 최소화하기 위한 목적으로 이루어지고 있다."
TRAIN_056,2024 나라살림 예산개요,./train_source/2024 나라살림 예산개요.pdf,대학의 일반재정지원을 확대하는 이유와 국립대학 및 사립대학의 투자 확대 방식은 무엇인가?,"등록금 동결, 물가 상승 등에 대응하여 대학 일반재정지원을 확대하되, 혁신 성과에 따른 배분 비율을 높여 대학의 자율적 혁신을 유도하기 위함이다. 국립대학은 생활안전, 첨단 기자재 중심으로 투자를 확대하고, 사립대학은 경영자문 컨설팅을 지원하여 체계적 구조개선을 촉진한다."
TRAIN_057,2024 나라살림 예산개요,./train_source/2024 나라살림 예산개요.pdf,"2024년 R&D 분야에 대한 재정투자 규모는 2023년 대비 얼마나 감소했으며, 어떤 분야의 국가전략기술 투자를 확대할 계획인가?","2024년 R&D 분야에 대한 재정투자 규모는 2023년 대비 9.5% 감소한 26.5조원이며, AI·바이오·반도체 등의 분야에 대한 국가전략기술 투자를 확대할 계획입니다."
TRAIN_058,2024 나라살림 예산개요,./train_source/2024 나라살림 예산개요.pdf,우주산업 클러스터 삼각체제 구축사업의 목표와 국가 우주산업 육성 거점 지역은 어디인가?,"우주산업 클러스터 삼각체제 구축사업은 우주경제 시대 대비 민간 주도 우주개발 역량 강화 및 자생적 생태계 조성을 위해 핵심 인프라를 구축하는 플래그십 프로젝트이며, 전남, 경남, 대전을 국가 우주산업 육성 거점으로 지정했다."
TRAIN_059,2024 나라살림 예산개요,./train_source/2024 나라살림 예산개요.pdf,"정부는 어떤 방식으로 스타트업의 글로벌화를 촉진하고 있으며, 국내 스타트업의 글로벌화를 위해 어떤 프로그램이 강화되고 있는가?","정부는 스타트업과 글로벌 기업의 협업 프로그램을 확대하고, 해외투자 유치 후 현지법인 설립 시 지원하는 글로벌 팁스를 신설하며, 국내 팁스기업도 지원을 대폭 확대하고 있다. 또한, 해외 우수 스타트업을 발굴하여 지원하는 K-스카우터 제도를 신설하고, 글로벌 스타트업 센터를 신규 조성하며, 해외 주요 클러스터와의 협업, 국내외 창업인프라와 연결 등을 통해 글로벌 창업을 체계적으로 지원하고 있다."
TRAIN_060,2024 나라살림 예산개요,./train_source/2024 나라살림 예산개요.pdf,한국 정부가 녹색산업 육성 및 해외진출 지원을 강화하기 위해 취하고 있는 조치와 전기차 및 수소차에 대한 정책은 무엇인가?,"한국 정부는 기업 성장단계별 맞춤형 지원을 지속하고 현지 수주지원단 파견, 수출지원 전용 펀드 신규 조성 등 해외진출 지원을 강화하고 있으며, 전기차는 보급형·고성능 차량 중심으로, 수소차는 상용차 중심으로 지원하고 있음."
TRAIN_061,2024 나라살림 예산개요,./train_source/2024 나라살림 예산개요.pdf,국립북한인권센터 건립의 목적과 국제대화를 통해 달성하고자 하는 목표는 무엇인가요?,"국립북한인권센터는 인권을 주제로 한 다양한 전시·체험 콘텐츠 제작 등의 역할을 수행할 예정이며, 북한인권 국제대화를 통해서는 북한인권에 대한 여론을 환기하고 저명한 학자, 민간단체 관계자 등 다양한 이해관계자들이 북한인권을 논의할 수 있는 장을 마련하여 국제적으로도 북한인권 담론을 수행할 계획입니다."
TRAIN_062,2024 나라살림 예산개요,./train_source/2024 나라살림 예산개요.pdf,"2024년도 공공질서 및 안전 분야의 재정투자는 전년도 대비 어떻게 변화했으며, 어떤 분야에 특히 재정투자가 집중되었는가?","2024년도 공공질서 및 안전 분야의 재정투자는 24.4조원으로 2023년도 22.9조원 대비 6.5% 증가하였으며, 마약·스토킹 등 민생침해범죄 예방·대응과 재난·안전 사고에 대한 근본적 예방에 집중적으로 투자하였다."
TRAIN_063,2024 나라살림 예산개요,./train_source/2024 나라살림 예산개요.pdf,"정부재정 지원으로 추진되는 햇살론은 무엇이며, 새출발기금과 청년도약계좌는 어떤 목적으로 마련되었나요?","햇살론은 취약계층 금융지원을 위한 정부재정 지원으로 추진됩니다. 새출발기금은 영세 소상공인·자영업자의 채무부담 경감을 위해, 청년도약계좌는 청년층 자산형성을 위해 각각 마련되고 있습니다."
TRAIN_064,2024 나라살림 예산개요,./train_source/2024 나라살림 예산개요.pdf,일반정부 재정규모란 무엇을 포함하는가?,일반정부 재정규모는 중앙정부·지방정부 및 비영리공공기관의 모든 재정활동을 포함하는 것으로 각국은 국민계정 작성기준에 따라 작성하고 있다.
TRAIN_065,2024 나라살림 예산개요,./train_source/2024 나라살림 예산개요.pdf,장애인 연금이 어떻게 변화했는가?,"장애인 연금은 기초급여가 '23년에 월 32.3만원에서 '24년에 월 33.5만원으로 증가하고, 부가급여도 월 2~7만원에서 '24년에 월 3~8만원으로 증가했다."
TRAIN_066,2024 나라살림 예산개요,./train_source/2024 나라살림 예산개요.pdf,"노인 지원 기초연금은 어떻게 변화했으며, 이에 따른 노인일자리 수와 수당은 어떻게 변화했는가?","노인 지원 기초연금은 '23년에 15,400억원에서 '24년에 20,264억원으로 증가했으며, 노인일자리는 88.3만명에서 103.0만명으로 증가하고 수당은 2~4만원으로 6년 만에 7% 수준으로 인상되었다."
TRAIN_067,2024 나라살림 예산개요,./train_source/2024 나라살림 예산개요.pdf,"원전산업 맞춤형 정책자금이 어떻게 운용되며, 어떤 목적으로 신설되었는가?","2천억원 규모의 원전산업 맞춤형 정책자금(융자 및 보증)을 신설하고, 중소 원전 기자재 업체가 발주사와 공급계약 체결시 조속히 대금을 지급받을 수 있도록 58억원 규모의 선금 보증보험 수수료 지원 사업을 신설한다."
TRAIN_068,2024 나라살림 예산개요,./train_source/2024 나라살림 예산개요.pdf,에너지 신산업 분야에서 어떤 분야의 인프라 투자가 확대되고 있는가?,"에너지 신산업 분야의 경우 그간 지속적인 투자로 인해 여건이 성숙된 태양광 등 신재생에너지 분야 지원은 정상화하되, 수소, CCUS 등 분야의 인프라 투자는 확대한다."
TRAIN_069,2024 나라살림 예산개요,./train_source/2024 나라살림 예산개요.pdf,2024년 정부 예산안에서 출산·양육 부담 경감을 위해 어떤 정책이 시행되고 있는가?,"영아기 양육부담 완화를 위해 부모급여 지급액을 확대하고, 다자녀 가구에 대한 혜택을 확대하는 정책이 시행되고 있다."
TRAIN_070,2024 나라살림 예산개요,./train_source/2024 나라살림 예산개요.pdf,2024년도 예산안에서 돌봄부담 완화를 위해 어떤 조치가 취해졌는가?,"시간제보육 제공기관을 2023년 1,030개소에서 2024년 2,315개소로 확대하여 틈새돌봄을 확대하고, 아이돌봄 지원가구를 확대하고, 다자녀 가구의 아이돌보미 서비스 이용요금을 10% 할인하여 부담을 완화한다."
TRAIN_071,2024 나라살림 예산개요,./train_source/2024 나라살림 예산개요.pdf,한국 정부가 외국인투자 및 국내복귀 투자에 대한 인센티브를 강화하는 이유는 무엇인가?,글로벌 공급망 재편 과정에서 우리나라가 대안 투자처가 될 수 있도록 하기 위해서이다.
TRAIN_072,2024 나라살림 예산개요,./train_source/2024 나라살림 예산개요.pdf,청년농업인을 위해 어떤 방식으로 농지를 공공임대하고 있는가?,"농지은행이 보유한 비축농지를 저렴하게 공공임대하는 물량을 (2023년) 1,875ha→(2024년) 2,500ha로 대폭 확대하는 한편, 농지 매입단가를 (2023년) 408백만원→(2024년) 428백만원으로 인상한다."
TRAIN_073,2024 나라살림 예산개요,./train_source/2024 나라살림 예산개요.pdf,농업의 생산성을 높이고 노동 투입량을 줄이기 위해 어떤 방안을 추진하고 있는가?,"스마트농업을 육성하고 농업 자동화 및 데이터 기반 스마트팜 확산을 추진하고 있으며, 임대형 스마트팜과 스마트온실을 구축하여 청년농에게 장기 임대하는 등의 방안을 추진하고 있다."
TRAIN_074,2024 나라살림 예산개요,./train_source/2024 나라살림 예산개요.pdf,한국의 국방 강화를 위해 어떤 무기체계 전력화 강화에 중점을 두고 투자하고 있는가?,"북 핵·미사일 위협 대비 압도적 대응능력 구축을 위해 킬체인(F-X 2차, 한국형구축함 등), 다층 미사일 방어(장거리함대공유도탄, 장거리지대공유도무기-Ⅱ 등), 압도적 대량 응징(230㎜급다련장, 특수작전용대형기동헬기 등) 등 무기체계 전력화 강화에 중점 투자한다(6.1조원→6.8조원)."
TRAIN_075,2024 나라살림 예산개요,./train_source/2024 나라살림 예산개요.pdf,어떤 목적으로 '동료지원쉼터' 운영이 제도화되었는가?,"정신질환자들이 장기 입원을 하지 않고 지역사회에서 상담, 휴식 등 서비스를 제공받으면서 자연스럽게 지역사회에 정착하고 회복할 수 있도록 추진하기 위해."
TRAIN_076,2024 나라살림 예산개요,./train_source/2024 나라살림 예산개요.pdf,"재난대응 체계를 구축하기 위해 어떤 예산 증액이 이루어졌으며, 그 목적은 무엇인가?","산사태취약지역 기초조사 및 산사태 발생 우려지역 실태조사 예산이 62억원에서 110억원으로 확대되었고, 산지사방, 계류보전, 산림유역관리 등 사방사업 투자 예산이 2,210억원에서 2,510억원으로 확대되어 국민의 생명과 재산을 보호하는 데 주력하기 위함이다."
TRAIN_077,2024 나라살림 예산개요,./train_source/2024 나라살림 예산개요.pdf,예산 증감률이 가장 높은 분야는 무엇인가요?,외교·통일 분야가 17.7%로 예산 증감률이 가장 높습니다.
TRAIN_078,2024 나라살림 예산개요,./train_source/2024 나라살림 예산개요.pdf,국방 분야의 예산은 '23년 대비 '24년 어떻게 변했나요?,국방 분야의 예산은 '23년에 57.0조원에서 '24년에 59.4조원으로 2.4조원 증가하여 4.2% 증가했습니다.
TRAIN_079,2024 나라살림 예산개요,./train_source/2024 나라살림 예산개요.pdf,R&D 분야의 예산은 '23년 대비 '24년 어떻게 변했나요?,R&D 분야의 예산은 '23년에 31.1조원 '24년에 26.5조원으로 4.5조원 감소하여 14.6% 감소했습니다.
TRAIN_080,2024 나라살림 예산개요,./train_source/2024 나라살림 예산개요.pdf,최중증 발달장애인을 위한 돌봄 체계 구축을 위해 어떤 변화가 있었나요?,"최중증 발달장애인을 위한 돌봄 체계 구축을 위해 1:1 돌봄 체계가 도입되었고, 기존 돌봄 서비스인 발달장애인 주간활동과 장애인 활동지원이 확대되었으며, 장애인 연금 부가급여도 인상되었습니다."
TRAIN_081,2024 나라살림 예산개요,./train_source/2024 나라살림 예산개요.pdf,가정폭력 피해자의 자립지원을 강화하기 위해 어떤 정책이 시행되었나요?,"가정폭력 피해자가 보호시설 퇴소시 피해 당사자에게 지원하는 자립지원금을 피해자의 동반아동까지 확대 지원하고, 가정폭력·성폭력·교제폭력 등 다양한 유형의 폭력 피해자를 지원할 수 있는 통합상담소를 확대하며, 성폭력 피해 아동·청소년의 2차 피해를 예방하기 위해 해바라기센터에서의 영상증인신문 지원을 확대하는 등의 정책이 시행되었습니다."
TRAIN_082,2024 나라살림 예산개요,./train_source/2024 나라살림 예산개요.pdf,일반 청년을 위해 어떤 종합적인 지원이 제공되고 있는가?,"고용서비스, 일경험, 취업비용 부담경감 등 현장 체감형 사업이 종합 지원되고 있다. 대학일자리+센터를 통해 전문계고·대학재학생 맞춤형 고용서비스가 대폭 확대되며, 청년일경험지원 및 일자리도약장려금도 확대 지원된다."
TRAIN_083,2024 나라살림 예산개요,./train_source/2024 나라살림 예산개요.pdf,고역량 청년을 위해 어떤 지원이 강화되고 있는가?,"고역량 청년을 위해 첨단산업·해외 등 유망분야 양질의 취업을 촉진하기 위한 지원이 강화되고 있다. 산학연협력고도화지원사업과 첨단분야직업훈련이 대폭 확대되고 있으며, 해외 취업을 통한 글로벌 인재 양성을 위한 한미첨단분야 청년교류지원과 K-Move스쿨도 확대되고 있다."
TRAIN_084,2024 나라살림 예산개요,./train_source/2024 나라살림 예산개요.pdf,정부가 콘텐츠 산업을 지원하기 위해 어떤 종류의 펀드를 조성하고 있는가?,"전략펀드와 영상전문투자조합 출자, 케이(K)-콘텐츠 펀드 등을 조성하고 있다."
TRAIN_085,2024 나라살림 예산개요,./train_source/2024 나라살림 예산개요.pdf,2024년에 국내 콘텐츠 시장에 공급될 정책금융의 규모는 얼마인가?,2024년에 국내 콘텐츠 시장에 1조 7천 4백억원 규모의 정책금융이 공급될 예정이다.
TRAIN_086,2024 나라살림 예산개요,./train_source/2024 나라살림 예산개요.pdf,전문체육 분야에서 어떤 사업이 편성되어 국가대표 선수들의 경기력 향상을 위해 진행되었는가?,"국가대표 선수 훈련식비 증액, 국가대표 지도자 수당 인상, 진천선수촌 수영장 경영풀 환경 개선 등의 사업이 편성되었다."
TRAIN_087,2024 나라살림 예산개요,./train_source/2024 나라살림 예산개요.pdf,정부는 어떤 분야에 R&D 투자를 집중할 계획인가?,"기초원천 기술, 차세대기술 역량을 키우는데 집중 활용될 계획이며, 국가전략기술에 대한 정부 R&D 투자를 확대하고, 바이오·우주 등 첨단분야 중심으로 대규모 전략프로젝트를 추진하고, 글로벌 R&D도 대폭 확대할 예정이다."
TRAIN_088,2024 나라살림 예산개요,./train_source/2024 나라살림 예산개요.pdf,2024년 R&D 분야 재정투자 계획 중 가장 큰 감소율을 보이는 분야는 무엇인가?,교육 분야가 -53.8%로 가장 큰 감소율을 보이고 있다.
TRAIN_089,2024 나라살림 예산개요,./train_source/2024 나라살림 예산개요.pdf,세계 최고 수준의 네트워크 인프라 환경을 구축하기 위해 어떤 방식으로 투자가 확대되고 있는가?,"세계 최고 수준의 네트워크 인프라 환경을 구축하기 위해 양자기술 등 차세대 통신·컴퓨팅 핵심기술 개발을 안정적으로 지원하고, 투자가 확대되고 있다."
TRAIN_090,2024 나라살림 예산개요,./train_source/2024 나라살림 예산개요.pdf,재정지원을 통해 소상공인들의 경영부담을 완화하기 위해 어떤 프로그램이 신설되었는가?,이자를 최대 1.5%p 감면하고 고리 대출을 저리 정책자금으로 대환하는 프로그램이 신설되었다.
TRAIN_091,2024 나라살림 예산개요,./train_source/2024 나라살림 예산개요.pdf,2024년 해외 인재 유입을 위해 신설된 제도는 무엇인가?,해외 인재 유입을 위해 해외 우수 스타트업을 발굴하여 지원하는 K-스카우터 제도가 신설되었다.
TRAIN_092,2024 나라살림 예산개요,./train_source/2024 나라살림 예산개요.pdf,"2024년에 혁신형소형모듈원자로기술개발 부문의 예산은 얼마이며, 전년 대비 어떤 증가율을 보였는가?","2024년에 혁신형소형모듈원자로기술개발 부문의 예산은 333억원이며, 전년 대비 753.8% 증가하였다."
TRAIN_093,2024 나라살림 예산개요,./train_source/2024 나라살림 예산개요.pdf,교통약자의 이동편의를 증진하기 위해 어떤 사업을 확대하고 지속적으로 지원할 것인가?,교통약자의 이동편의를 증진하기 위해 '특별교통수단 도입 및 운영비 지원'을 확대하고 '저상버스 도입'을 지속적으로 지원할 것이다.
TRAIN_094,2024 나라살림 예산개요,./train_source/2024 나라살림 예산개요.pdf,어떤 기술을 홍수피해에 선제적으로 대응하기 위해 우선 투자하고 있나요?,"인공지능(AI) 홍수예보, 댐-하천 디지털 트윈기술에 우선 투자하고 있습니다."
TRAIN_095,2024 나라살림 예산개요,./train_source/2024 나라살림 예산개요.pdf,식량안보를 강화하기 위해 어떤 정책이 시행되고 있는가?,"농축산물 할인지원, 무기질비료 가격보조, 유가연동보조금, 사료구매자금 지원 등이 시행되고 있다."
TRAIN_096,2024 나라살림 예산개요,./train_source/2024 나라살림 예산개요.pdf,재정투자 계획에 따르면 농업·농촌 분야의 예산이 2023년에 비해 2024년에 얼마나 변화하는가?,"2024년에 농업·농촌 분야의 예산은 185,578억원으로 2023년 대비 4.6% 증가한다."
TRAIN_097,2024 나라살림 예산개요,./train_source/2024 나라살림 예산개요.pdf,임업인의 소득안정과 공익적 기능 강화를 위해 어떠한 지원책이 시행되고 있는가?,"임업인의 소득안정과 공익적 기능을 강화하기 위해 임업직불금, 산림사업종합자금, 교육사업 등이 실시되고 있다."
TRAIN_098,2024 나라살림 예산개요,./train_source/2024 나라살림 예산개요.pdf,하수관로정비 사업 예산은 2023년 대비 2024년에 얼마나 증가했는가?,"하수관로정비 사업 예산은 2023년 9,531억원에서 2024년 1조 2,816억원으로 증가하여 34.5% 증가하였다."
TRAIN_099,2024 나라살림 예산개요,./train_source/2024 나라살림 예산개요.pdf,국방부가 장병 복무여건을 획기적으로 개선하기 위해 어떤 조치를 취하고 있는가?,"병 봉급, 사회진출지원금을 국정과제 스케줄에 따라 인상하고, 지역상생장병특식을 확대하며, 단기복무장려금·수당 인상, 주택수당 지급대상 확대, 당직근무비 인상 등을 통해 초급간부의 지원율을 제고하고 있다."
TRAIN_100,2024 나라살림 예산개요,./train_source/2024 나라살림 예산개요.pdf,2024년 인도적지원(ODA)은 어떤 이유로 역대 최대 폭으로 확대되었는가?,"글로벌 중추국가로서 책임있는 역할을 수행하고, 우리 기업과 청년의 해외 진출, 전략지역 지원 등 핵심 국익과 연계를 위하여."
TRAIN_101,2024 나라살림 예산개요,./train_source/2024 나라살림 예산개요.pdf,마약범죄를 근절하기 위해 어떤 방안들이 체계적으로 지원되고 있는가?,"대국민 예방교육, 수사·감시 장비 도입, 중독재활센터 확충 등 예방→수사→재활 전주기를 체계적으로 지원하고 있다."
TRAIN_102,2024 나라살림 예산개요,./train_source/2024 나라살림 예산개요.pdf,범죄피해약자인 아동·여성 등에 대한 어떤 지원이 확대되고 있는가?,아동·여성 등 범죄피해약자에 대한 지원을 강화하기 위해 원스톱솔루션 센터 설치 및 피해자 국선 전담변호사를 10명 증원하는 등의 조치가 이루어지고 있다.
TRAIN_103,2024 나라살림 예산개요,./train_source/2024 나라살림 예산개요.pdf,국회의 입법활동 및 의정활동을 지원하기 위해 어떤 활동들이 실시되고 있는가?,"국회 정책세미나·토론회·간담회 실시간 생중계 시스템 구축, SNS 영상 제작 지원 및 의정활동 안내 문자메시지 발송 등을 통해 국회 입법활동 및 의정활동을 지원하고 있다."
TRAIN_104,2024 나라살림 예산개요,./train_source/2024 나라살림 예산개요.pdf,2023년 대비 2024년에 지방교부세가 얼마나 감소했는가?,"지방교부세가 2023년 대비 2024년에 11.3% 감소하여 752,883억원에서 667,593억원으로 감소했다."
TRAIN_105,2024 나라살림 예산개요,./train_source/2024 나라살림 예산개요.pdf,'새출발기금'은 무엇인가? ,코로나 피해 자영업자·소상공인의 채무상환 부담을 완화하기 위한 기금
TRAIN_106,2024 나라살림 예산개요,./train_source/2024 나라살림 예산개요.pdf,2023년도 국방 분야의 예산 중 가장 큰 금액이 할당된 세부 항목은 무엇인가요?,국방 분야의 예산 중 가장 큰 금액이 할당된 세부 항목은 '병력운영 (Military Personnel Management)' 입니다.
TRAIN_107,2024 나라살림 예산개요,./train_source/2024 나라살림 예산개요.pdf,2023년도 사회복지 분야의 예산 중 가장 작은 금액이 할당된 세부 항목은 무엇인가요?,사회복지 분야의 예산 중 가장 작은 금액이 할당된 세부 항목은 '노동 (Labor)' 입니다.
TRAIN_108,2024 나라살림 예산개요,./train_source/2024 나라살림 예산개요.pdf,국가첨단전략산업 특화단지에 대한 지원 계획은 어떻게 되어 있는가?,"국가첨단전략산업 특화단지에 대한 저리융자, 기반시설 구축, 현장 맞춤형 실무교육 등을 종합적으로 지원할 계획이다."
TRAIN_109,2024 나라살림 예산개요,./train_source/2024 나라살림 예산개요.pdf,가족돌봄청년을 위해 신규로 지원되는 혜택은 무엇인가요?,자기돌봄비(연200만원)와 돌봄코디네이터를 통한 밀착 사례관리 및 자조모임 등을 신규로 지원한다.
TRAIN_110,2024 나라살림 예산개요,./train_source/2024 나라살림 예산개요.pdf,의료 분야에 대한 국고 지원이 어떻게 확대되고 있는가?,"달빛어린이병원(45개소)에 대해 국고 지원에 착수하고, 소아환자에게 24시간 의료상담을 제공하는 24시간 상담센터를 신설하고, 어린이 공공전문진료센터와 소아암 전문거점병원을 확충하고, 전공의 수련수당도 신규 지원하고 있다."
TRAIN_111,2024 나라살림 예산개요,./train_source/2024 나라살림 예산개요.pdf,세외수입은 어떠한 세부 항목으로 구성되어 있는가?,세외수입은 소득세·법인세·상속증여세·부가가치세·개별소비세·증권거래세·인지세 등으로 구성되어 있다.
TRAIN_112,2024 나라살림 예산개요,./train_source/2024 나라살림 예산개요.pdf,2024년도 예산안에서 세외수입 중 가장 큰 규모를 차지하는 세입항목은 무엇인가?,정부내부수입및기타 (Trust from Other & Others from Other A/C)
TRAIN_113,2024 나라살림 예산개요,./train_source/2024 나라살림 예산개요.pdf,2023년 기획재정부의 총세입예산은 얼마인가요?,"438,715,377백만원"
TRAIN_114,2024 나라살림 예산개요,./train_source/2024 나라살림 예산개요.pdf,기초생활보장제도 4대 급여의 예산 규모는 2023년 대비 2024년에 어떻게 변화되는가?,2023년 17.8조원에서 2024년 19.4조원으로 확대된다.
TRAIN_115,2024 나라살림 예산개요,./train_source/2024 나라살림 예산개요.pdf,장애인 고용장려금은 2023년 대비 2024년에 어떻게 변화했는가?,"장애인 고용장려금은 2023년에 2,977억원이었고, 2024년에 3,234억원으로 증가했다."
TRAIN_116,2024 나라살림 예산개요,./train_source/2024 나라살림 예산개요.pdf,"정부가 '지역활성화 투자 펀드'를 조성하기 위해 어떤 자금을 활용할 예정이며, 어떤 방식으로 운용될 것인가?","정부가 총 3,000억(재정 1,000억 + 지방소멸기금 1,000억 + 산업은행 1,000억) 수준의 모펀드를 조성할 예정이며, 지자체와 민간 금융사가 자펀드를 결성하여 대규모의 프로젝트 파이낸싱(PF)를 추진할 것이다."
TRAIN_117,2024 나라살림 예산개요,./train_source/2024 나라살림 예산개요.pdf,"어떤 국가들을 대상으로 인도적 지원을 확대할 것이며, 어떤 위험에 노출된 국가들을 주로 지원할 계획인가요?","우크라이나 등 분쟁지역과, 기후변화·식량위기 등 위험에 노출된 취약국을 대상으로 인도적 지원을 확대할 것이다."
TRAIN_118,2024 나라살림 예산개요,./train_source/2024 나라살림 예산개요.pdf,2024년 일자리 분야 재정 투자 계획에서 직접일자리 예산이 전년도 대비 어떤 변화를 보였는가?,"직접일자리 예산은 2023년 31,837억원에서 2024년 35,569억원으로 11.7% 증가했다."
TRAIN_119,2024 나라살림 예산개요,./train_source/2024 나라살림 예산개요.pdf,2024년 교육분야 재정투자 규모는 전년 대비 어떻게 변화했는가?,"89.8조원으로, 2023년 96.3조원 보다 6.5조원, 6.7% 감소했다."
TRAIN_120,2024 나라살림 예산개요,./train_source/2024 나라살림 예산개요.pdf,교육 분야 재정투자 계획에 따르면 2024년에 유아및초중등교육 분야의 예산이 2023년에 비해 어떻게 변하는가?,"2024년에 유아및초중등교육 분야의 예산은 737,290억원으로 2023년 대비 8.9% 감소한다."
TRAIN_121,2024 나라살림 예산개요,./train_source/2024 나라살림 예산개요.pdf,교육 분야 재정투자 계획에 따르면 고등교육 분야의 예산은 2024년에 어떻게 변화하는가?,"고등교육 분야의 예산은 146,713억원으로 2023년 대비 4.7% 증가한다."
TRAIN_122,2024 나라살림 예산개요,./train_source/2024 나라살림 예산개요.pdf,2024년 교육 분야 예산은 전반적으로 2023년 대비 얼마나 감소했는가?,교육 분야 전체적으로 2024년에는 예산이 6.7% 감소한다.
TRAIN_123,2024 나라살림 예산개요,./train_source/2024 나라살림 예산개요.pdf,평생·직업교육 부문 주요 변동내역에서 평생교육바우처지원 예산은 2023년 대비 2024년에 얼마나 증가했는가?,평생교육바우처지원 예산은 2023년 206억원에서 2024년 262억원으로 27.3% 증가했다.
TRAIN_124,2024 나라살림 예산개요,./train_source/2024 나라살림 예산개요.pdf,문화·체육·관광분야 재정투자 계획에서 2023년 대비 2024년에 예산이 증가한 분야는 무엇인가요?,"문화예술, 관광, 그리고 문화재 분야가 2023년 대비 2024년에 예산이 증가했습니다."
TRAIN_125,2024 나라살림 예산개요,./train_source/2024 나라살림 예산개요.pdf,문화예술 부문의 총 예산은 어떻게 변화했는가?,"문화예술 부문의 총 예산은 2023년 40,022억원에서 2024년 40,628억원으로 1.5% 증가하였다."
TRAIN_126,2024 나라살림 예산개요,./train_source/2024 나라살림 예산개요.pdf,무역 및 투자유치 부문 주요 변동내역에서 2024년 외국인투자 현금지원이 작년 대비 얼마나 증가했는가?,300.0% 증가했다.
TRAIN_127,2024 나라살림 예산개요,./train_source/2024 나라살림 예산개요.pdf,"2024년에 산업혁신지원 부문의 총 예산은 얼마이며, 전년 대비 어떤 증감률을 보였는가?","2024년에 산업혁신지원 부문의 총 예산은 63,146억원이며, 전년 대비 5.1% 증가하였다."
TRAIN_128,2024 나라살림 예산개요,./train_source/2024 나라살림 예산개요.pdf,"산업혁신지원 부문 주요 변동 내역에서 어떤 부문의 기술개발 예산이 가장 크게 증가하였으며, 그 증가율은 얼마인가?","자동차산업기술개발(R&D) 부문의 기술개발 예산이 가장 크게 증가하였으며, 그 증가율은 48.6%이다."
TRAIN_129,2024 나라살림 예산개요,./train_source/2024 나라살림 예산개요.pdf,"산업혁신지원 부문 주요 변동 내역에서 2024년에 산업혁신인재성장지원 부문의 예산은 얼마이며, 전년 대비 어떤 증감률을 보였는가?","2024년에 산업혁신인재성장지원 부문의 예산은 1,575억원이며, 전년 대비 16.0% 증가하였다."
TRAIN_130,2024 나라살림 예산개요,./train_source/2024 나라살림 예산개요.pdf,도로 부문의 총 투자액은 어떻게 변화하고 있는가?,"2023년 78,408억원에서 2024년 79,779억원으로 1.7% 증가하고 있다."
TRAIN_131,2024 나라살림 예산개요,./train_source/2024 나라살림 예산개요.pdf,'24년도에 어업인 면세유 유가연동보조금이 얼마로 지원되는가?,45억원
TRAIN_132,2024 나라살림 예산개요,./train_source/2024 나라살림 예산개요.pdf,'24년도에 수산물 상생할인지원 예산은 몇 억원인가?,"1,338억원"
TRAIN_133,2024 나라살림 예산개요,./train_source/2024 나라살림 예산개요.pdf,'24년도에 어촌신활력 증진을 위한 예산이 얼마로 증가하는가?,962억원
TRAIN_134,2024 나라살림 예산개요,./train_source/2024 나라살림 예산개요.pdf,물환경 부문 주요 변동내역에서 하수처리장 설치사업 예산은 2023년 대비 2024년에 얼마나 증가했는가?,"하수처리장 설치사업 예산은 2023년 7,716억원에서 2024년 1조 241억원으로 증가하여 32.7% 증가하였다."
TRAIN_135,2024 나라살림 예산개요,./train_source/2024 나라살림 예산개요.pdf,물환경 부문 주요 변동내역에서 하수처리수 재이용 사업 예산은 2023년 대비 2024년에 얼마나 변화하였는가?,하수처리수 재이용 사업 예산은 2023년 497억원에서 2024년 529억원으로 6.4% 증가하였다.
TRAIN_136,2024 나라살림 예산개요,./train_source/2024 나라살림 예산개요.pdf,외교·통일 분야 재정투자 계획에서 2024년 외교·통상 부문 예산은 2023년 대비 얼마나 증가했는가?,"14,736억원 증가하여 29.8% 증가하였다."
TRAIN_137,2024 나라살림 예산개요,./train_source/2024 나라살림 예산개요.pdf,재정투자 계획에서 2023년 대비 2024년에 가장 큰 증가율을 보인 분야는 무엇인가요?,2023년 대비 2024년에 22.1%의 증가율을 보인 재정·금융 분야입니다.
TRAIN_138,재정통계해설,./train_source/재정통계해설.pdf,통합재정의 범위와 의미는 무엇인가?,"정부의 모든 회계·기금을 포괄하고 회계·기금간, 정부간 내부거래를 제외하여 순수한 재정활동을 파악하는 것이다."
TRAIN_139,재정통계해설,./train_source/재정통계해설.pdf,"통합재정이란 무엇을 의미하며, 어떤 목적을 가지고 있나요?","통합재정은 정부의 모든 수입과 지출을 통합적으로 파악하는 회계 방식을 의미하며, 국가 재정운용의 건전성을 판단하고 재정정책의 기본 방향을 수립하는 자료로 활용됩니다."
TRAIN_140,재정통계해설,./train_source/재정통계해설.pdf,"통합재정 통계를 작성하는 기준은 무엇이며, 어떤 변화가 있었나요?","통합재정 통계는 IMF의 GFSM에 따라 작성되며, 1994년부터는 분기별로, 1999년부터는 월별로 작성되었습니다."
TRAIN_141,재정통계해설,./train_source/재정통계해설.pdf,"통합재정 통계 분석을 통해 무엇을 알 수 있으며, 어떻게 활용할 수 있나요?",통합재정 통계를 통해 국가전체의 재정지출 규모와 재정수지를 파악하여 국가 재원의 배분 모습과 국민경제에 미치는 영향을 분석할 수 있어 전략적 재정정책 수립에 기여할 수 있습니다.
TRAIN_142,재정통계해설,./train_source/재정통계해설.pdf,"통합재정수지는 무엇이며, 이를 통해 어떤 정보를 파악할 수 있나요?","통합재정수지는 통합재정수입과 통합재정지출의 차이로, 즉 통합재정수입에서 통합재정지출 및 순융자를 차감한 값입니다. 이를 통해 정부의 재정 상태를 파악할 수 있으며, 정부의 재정 건전성이나 경제에 대한 재정적 영향을 평가하는 데 사용됩니다."
TRAIN_143,재정통계해설,./train_source/재정통계해설.pdf,특별회계란 무엇인가?,특정한 재원으로 특정한 목적의 세출을 충당하는 회계이다.
TRAIN_144,재정통계해설,./train_source/재정통계해설.pdf,예산과 기금의 차이점은 무엇인가?,"예산은 모든 수입이 하나의 공통적인 일반재원으로 들어와서 모든 지출이 예산 통일의 원칙에 따라 이루어지는 반면, 기금은 특정한 목적의 사업 추진을 위해 출연금·부담금 등을 재원으로 하며, 특정 수입과 지출이 연계됩니다."
TRAIN_145,재정통계해설,./train_source/재정통계해설.pdf,예산 사전의결의 원칙은 무엇인가?,예산 사전의결의 원칙은 예산을 집행하기에 앞서 국회의 의결을 얻도록 하는 원칙입니다.
TRAIN_146,재정통계해설,./train_source/재정통계해설.pdf,일반회계란 무엇이며 어떤 목적으로 사용되는가?,"일반회계는 나라살림의 기본이 되는 회계로 정부의 일반적인 재정활동에 사용되며, 가계의 급여통장이나 기업의 주거래 계좌와 같은 의미로 볼 수 있음"
TRAIN_147,재정통계해설,./train_source/재정통계해설.pdf,일반회계의 세입은 어떠한 항목으로 구성되는가?,일반회계 세입은 소득세·법인세·부가가치세 등과 같은 국세수입과 정부출자기업의 배당수입·지분매각수입 등의 세외수입을 주요재원으로 함
TRAIN_148,재정통계해설,./train_source/재정통계해설.pdf,일반회계 세출은 어떠한 목적을 위해 사용되는가?,"일반회계 세출은 정부 각 부처의 통상적인 지출을 담당하며, 특별회계나 기금에 부족한 재원을 지원하거나 지방정부와 공공기관에 교부금, 보조금, 출연금, 출자금 등의 방식으로 지원함"
TRAIN_149,재정통계해설,./train_source/재정통계해설.pdf,예산이란 무엇을 의미하며 어떻게 표시되는가?,"예산이란 일정 기간 동안 국가의 재정활동에 얼마만큼 지출하고 이를 위해 재원을 어떻게 조달할 것인가를 금액으로 표시한 것이며, 회계연도 단위로 작성되어 운용 회계연도 독립의 원칙에 따라 특정 회계연도의 지출은 당해 회계연도의 수입으로 이루어진다."
TRAIN_150,재정통계해설,./train_source/재정통계해설.pdf,세입세출예산은 어떤 원칙에 따라 작성되는가?,세입세출예산은 총계주의 원칙에 따라 한 회계연도의 일체의 수입을 세입으로 하고 일체의 지출을 세출로 하여 작성된다.
TRAIN_151,재정통계해설,./train_source/재정통계해설.pdf,세입예산은 어떻게 분류되는가?,"국세수입과 세외수입으로 분류되며, 정부수입의 성질에 따라 과목 구조가 관, 항, 목으로 구분·관리된다."
TRAIN_152,재정통계해설,./train_source/재정통계해설.pdf,예산과정이란 무엇을 의미하는가?,"정부에 의해 예산안이 마련되고 그 집행에 대한 책임이 해제될 때까지의 모든 절차를 의미하며, 행정부의 예산안 편성 및 국회 제출, 국회의 예산안 심의·확정, 각 부처의 예산 집행, 국회의 결산 승인으로 종료된다. 이러한 일련의 과정은 매 회계연도마다 반복적으로 이루어진다."
TRAIN_153,재정통계해설,./train_source/재정통계해설.pdf,예산안 심의란 무엇을 하는 과정인가요?,정부가 제출한 예산안을 국회가 심사하는 것으로 예산 심의과정을 통해 정부가 제안한 사업과 그 사업에 소요되는 예산을 재검토하고 예산 총액을 결정합니다.
TRAIN_154,재정통계해설,./train_source/재정통계해설.pdf,예산 집행이란 무엇을 의미하나요?,예산이 국회 의결로 확정된 후 그 예산에 따라 국가의 수입과 지출을 실행하고 관리하는 모든 행위를 의미합니다.
TRAIN_155,재정통계해설,./train_source/재정통계해설.pdf,"결산 및 회계검사는 언제하고, 어떤 의미인가요?",예산의 집행이 종료된 후 한 회계연도 동안 국가의 수입과 지출의 실적을 확정적 계수로서 표시하고 결과에 관한 사실을 확인 및 검증하는 것을 의미합니다.
TRAIN_156,재정통계해설,./train_source/재정통계해설.pdf,예산안 편성이란 무엇을 의미하나요?,다음 회계연도에 요구되는 사업 계획에 대한 소요재원을 구체적인 화폐단위로 수치화시켜 계획안을 만들어 내는 활동을 말합니다.
TRAIN_157,재정통계해설,./train_source/재정통계해설.pdf,예산총칙이란 무엇인가요?,예산총칙은 예산 전반에 대한 총체적인 규정으로서 매 회계연도마다 재정운용에 필요한 기본적인 사항에 관한 것을 담고 있습니다.
TRAIN_158,재정통계해설,./train_source/재정통계해설.pdf,명시이월비란 무엇인가요?,"세출예산 중 연도내 지출이 어려울 것으로 예상되어, 다음연도로 이월할 수 있는 제도를 말합니다."
TRAIN_159,재정통계해설,./train_source/재정통계해설.pdf,국고채무부담행위는 어떤 경우에 국회의 의결을 받아야 하나요?,법률에 의하지 않거나 세출예산 또는 계속비 총액범위를 벗어나 국가채무를 부담할 때 국회의 의결을 받아야 합니다.
TRAIN_160,재정통계해설,./train_source/재정통계해설.pdf,"추가경정예산이란 무엇이며, 언제 편성되나요?","예산이 성립한 이후에 생긴 부득이한 사유로 인해 이미 성립된 예산에 변경을 가하는 예산으로, 부득이 한 이유로 인해 회계연도 중에 추가적으로 자금집행이 필요할 때 편성됩니다."
TRAIN_161,재정통계해설,./train_source/재정통계해설.pdf,"본예산, 수정예산, 준예산의 차이점은 무엇인가요?","본예산은 국회의 의결을 얻어 확정·성립된 통상적 의미의 예산이며, 수정예산은 정부가 예산을 국회에 제출한 후 국회의 심의·확정 전에 수정하여 제출하는 예산입니다. 준예산은 예산이 법정기한 내에 국회의 의결을 받지 못할 경우에 대비한 예산입니다."
TRAIN_162,재정통계해설,./train_source/재정통계해설.pdf,재정수지는 무엇을 판단하기 위한 재정 지표인가?,"재정수지는 국가재정의 건전성을 판단하기 위한 재정 지표로, 재정수입과 재정 지출의 차이를 의미합니다."
TRAIN_163,재정통계해설,./train_source/재정통계해설.pdf,흑자재정과 적자재정의 의미는 무엇인가?,"흑자재정은 정부의 긴축적 재정운용을, 적자재정은 확장적 재정운용을 의미합니다."
TRAIN_164,재정통계해설,./train_source/재정통계해설.pdf,정부는 언제 재정규모를 축소하고 언제 확대하는가?,"정부는 경기조절을 위해 경기가 호황일 때는 경기의 과열을 막기 위하여 재정규모를 축소하고, 불황일 때에는 경기 회복을 위해 재정규모를 확대합니다."
TRAIN_165,재정통계해설,./train_source/재정통계해설.pdf,통합재정수지 작성 방식이 어떻게 변화하였는가?,"1994년부터는 분기별로, 1999년 7월부터는 월별로 통합재정수지를 작성하고 있다."
TRAIN_166,재정통계해설,./train_source/재정통계해설.pdf,"관리재정수지는 어떻게 산출되며, 어떤 목적으로 사용되는가?","관리재정수지는 통합재정수지에서 사회보장성기금수지 흑자를 차감하여 산출되며, 당해연도의 실질적인 재정 상태를 파악하기 위해 사용된다."
TRAIN_167,재정통계해설,./train_source/재정통계해설.pdf,사회보장성기금수지 산출 시 어떤 기금을 대상으로 하는가?,"국민연금기금, 사립학교교직원 연금기금, 고용보험기금, 산업재해보상보험 및 예방기금"
TRAIN_168,재정통계해설,./train_source/재정통계해설.pdf,사회보장성기금은 정부가 어떤 목적을 위해 설치한 기금인가?,국민의 안정적 사회보장을 위해 사회보장 급여 지급을 목적으로 한다.
TRAIN_169,재정통계해설,./train_source/재정통계해설.pdf,사회보장성기금은 몇 개의 기금으로 관리되는가?,사회보장성기금은 6개의 기금으로 관리된다.
TRAIN_170,재정통계해설,./train_source/재정통계해설.pdf,기초재정수지란 무엇을 고려하여 작성되는 지표인가?,기초재정수지는 채무이행에 따른 이자지출을 고려하여 작성되는 지표이다.
TRAIN_171,재정통계해설,./train_source/재정통계해설.pdf,구조적 재정수지는 어떤 요인을 제거하여 재정건전성을 판단하는 지표로 활용되는가?,구조적 재정수지는 경기조정재정수지에서 일시적인 수입·지출 증감 요인을 제거하여 재정건전성을 판단하는 지표로 활용된다.
TRAIN_172,재정통계해설,./train_source/재정통계해설.pdf,국가채무(중앙정부)란 무엇을 의미하나요?,「국가재정법」에 명시되어 있는 국가채무(중앙정부)는 '국가의 회계 또는 기금이 부담하는 금전채무'를 의미한다.
TRAIN_173,재정통계해설,./train_source/재정통계해설.pdf,국가채무는 어떤 차입 형태로 구분되는가?,"국가채무는 국채, 차입금, 국고채무부담행위로 구분된다."
TRAIN_174,재정통계해설,./train_source/재정통계해설.pdf,국고채권은 어떤 목적으로 발행되는가?,국고채권은 중앙정부가 재정정책 수행에 필요한 자금을 마련하기 위해 발행된다.
TRAIN_175,재정통계해설,./train_source/재정통계해설.pdf,외국환평형기금채권은 왜 발행하는가?,외국환평형기금채권은 1998년 외환위기 이후 외환 보유액 확충을 위해 발행된다.
TRAIN_176,재정통계해설,./train_source/재정통계해설.pdf,국고채무부담행위는 어떤 상황에서 발생하는가?,국고채무부담행위는 국회 승인을 얻지 못한 상태에서 정부가 업무추진을 위해 예산 지출이 필요한 계약을 먼저 체결한 데 따른 지급의무로 발생한다.
TRAIN_177,재정통계해설,./train_source/재정통계해설.pdf,국가채무의 적자성 채무와 금융성 채무는 어떻게 구분되나요?,"적자성 채무는 국민의 세금으로 상환해야 하는 채무로, 대응자산이 없기 때문에 조세와 같은 국민 부담으로 상환되며, 금융성 채무는 융자금 회수, 자산매각 등 자체상환이 가능한 채무로, 채무와 동시에 자산이 생성되어 자체상환이 가능한 채무입니다."
TRAIN_178,재정통계해설,./train_source/재정통계해설.pdf,국가채무(D1)는 어떤 지표로 활용되는가?,국가채무(D1)는 중앙정부와 지방정부의 재정건전성 관리를 위한 지표로 활용된다.
TRAIN_179,재정통계해설,./train_source/재정통계해설.pdf,국가채무가 과다할 경우 어떤 위험이 발생할 수 있는가?,국가채무가 과다할 경우 재정의 위험 및 비용이 증가할 수 있다.
TRAIN_180,재정통계해설,./train_source/재정통계해설.pdf,국가채무관리와 관련된 대표적인 보고서는 무엇인가?,국가채무관리와 관련된 대표적인 보고서는 '국가 채무관리계획'과 '국가채무관리보고서'이다.
TRAIN_181,재정통계해설,./train_source/재정통계해설.pdf,일반정부부채(D2)의 포괄범위는 무엇인가?,"중앙정부의 일반회계, 특별회계, 기금과 비영리공공기관의 부채뿐만 아니라, 지방정부의 일반회계, 기타특별회계, 직영공기업특별회계, 비영리공공기관의 부채를 모두 포함합니다."
TRAIN_182,재정통계해설,./train_source/재정통계해설.pdf,일반정부부채(D2)의 회계기준은 무엇에 따라 작성되는가?,"일반정부부채(D2)의 회계기준은 '01 GFSM의 발생주의 기준에 따라 작성되며, 현금 주의 기준에 따라 작성되는 국가채무(D1)와 차이가 있다."
TRAIN_183,재정통계해설,./train_source/재정통계해설.pdf,우리나라는 언제부터 일반정부부채(D2)를 산출해 왔는가?,우리나라는 2011년부터 국가채무를 작성해 왔다.
TRAIN_184,재정통계해설,./train_source/재정통계해설.pdf,현금주의와 발생주의의 회계처리 방식에는 어떤 차이가 있는가?,"현금주의는 현금의 수입과 지출이 일어난 시점에 기록되고, 발생주의는 실질적으로 경제적 변동이 발생한 시점에 기록된다."
TRAIN_185,재정통계해설,./train_source/재정통계해설.pdf,공공부문부채(D3)는 어떤 범위를 포괄하는 지표인가?,"공공부문부채(D3)는 중앙 정부와 지방자치단체(지방교육재정)의 모든 회계·기금 및 비영리공공기관, 비금융 공기업을 부채를 포괄한다."
TRAIN_186,재정통계해설,./train_source/재정통계해설.pdf,국가채무를 산출하는 데 있어 현금주의와 발생주의의 차이는 무엇인가?,"발생주의 기준에서는 미지급비용과 지출 시기 또는 금액이 불확실하지만 지출 가능성이 높은 충당부채가 포함된다. 그리고 국가채무부담행위 중 계약만 이루어지고 재화나 서비스 제공을 받지 않은 경우, 현금 주의 하에서는 국가채무(D1)에서 채무로 인식하지만, 발생주의 하에서는 부채로 보지 않는다."
TRAIN_187,재정통계해설,./train_source/재정통계해설.pdf,국가채무 통계에서 국가채무(D1)와 일반정부부채(D2)의 차이는 무엇인가?,"국가채무(D1)는 중앙정부와 지방자치단체의 채무를 현금주의 기준으로 산출한 것이며, 일반정부부채(D2)는 발생주의 기준으로 산출한 국가채무(D1)와 비영리공공기관 단위를 포괄한 부채이다."
TRAIN_188,재정통계해설,./train_source/재정통계해설.pdf,국가채무 통계에서 공공부문부채(D3)는 어떤 기준으로 산출되는가?,공공부문부채(D3)는 PSDS에 기초하여 발생주의 기준으로 산출된 일반정부부채(D2)와 비금융공기업 단위를 포괄한 부채로 나타낸다.
TRAIN_189,재정통계해설,./train_source/재정통계해설.pdf,국가보증채무란 무엇을 의미하나요?,"국가보증채무는 주 채무자가 채무이행이 불가능한 경우, 국가가 대신해서 갚아야 하는 채무를 말하며, 지급 의무자가 국가로 확정된 것은 아니기 때문에 국가채무에 포함되지는 않음"
TRAIN_190,재정통계해설,./train_source/재정통계해설.pdf,국가보증채무가 국가채무와 어떻게 관련되어 있나요?,"국가보증채무는 국가채무의 범위에 포함되지 않지만, 대신 지급해야 할 사유가 발생하는 경우 국가채무로 전환되기 때문에 국가채무를 관리하는 주요 보조 지표이며, 잠재적 부채 중 하나임"
TRAIN_191,재정통계해설,./train_source/재정통계해설.pdf,2002년 공적자금상환대책에 따라 어떤 조치가 이루어졌는가?,2002년 공적자금상환대책에 따라 정부보증채무를 국채로 전환하여 2003년 이후 예금보험채권상환기금채권 및 부실채권정리기금채권이 감소하였다.
TRAIN_192,재정통계해설,./train_source/재정통계해설.pdf,총수입은 무엇을 포함하는가?,"국세, 세외수입, 기금수입 등을 통한 일반회계, 특별회계의 예산세입과 기금수입의 총합계에서 내부거래와 보전거래를 제외한 정부 수입을 포함한다."
TRAIN_193,재정통계해설,./train_source/재정통계해설.pdf,통합재정수입이란 무엇을 의미하는가?,IMF가 제시한 기준에 따라 융자와 기업특별회계 부분 수입을 순계로 합산한 수입을 의미한다.
TRAIN_194,재정통계해설,./train_source/재정통계해설.pdf,통합재정에서는 어떤 수입을 제외하고 기업특별회계의 영업수지 흑자만을 수입으로 포함하나요?,융자수입을 제외하고 기업특별회계의 영업수지 흑자만을 수입으로 포함합니다.
TRAIN_195,재정통계해설,./train_source/재정통계해설.pdf,통합재정에서 왜 금융활동 등 비 재정활동이 재정 규모에 포함되어 과대계산되는 문제가 발생하나요?,통합재정에서는 융자수입을 제외하고 기업특별회계의 영업수지 흑자만을 수입으로 포함하기 때문에 금융활동 등 비 재정활동이 재정 규모에 포함되어 과대계산되는 문제가 발생합니다.
TRAIN_196,재정통계해설,./train_source/재정통계해설.pdf,국세수입은 무엇을 의미하나요?,"국세는 과세 권한을 가진 중앙정부가 세목별 세법에 근거하여 부과·징수하는 세금을 말하며, 국세수입은 이로 인한 수입을 의미합니다."
TRAIN_197,재정통계해설,./train_source/재정통계해설.pdf,농어촌특별세와 주세는 어디에 사용되는가?,농어촌특별세와 주세는 각각 농어촌구조개선특별회계 및 국가균형발전특별회계 재원으로 사용된다.
TRAIN_198,재정통계해설,./train_source/재정통계해설.pdf,농어촌특별세와 주세의 소관기관은 무엇인가?,농어촌특별세와 주세의 소관기관은 각각 농림축산식품부와 기획재정부이다.
TRAIN_199,재정통계해설,./train_source/재정통계해설.pdf,"내국세에 포함되는 세목은 총 몇 개이며, 어떤 세목들이 포함되는가?","내국세에는 주세를 제외한 8개 세목이 포함되며, 소득세, 법인세, 부가가치세, 상속세, 증여세, 개별소비세, 증권거래세, 인지세가 포함된다."
TRAIN_200,재정통계해설,./train_source/재정통계해설.pdf,"관세는 어떤 조세이며, 어떤 기관이 관세 행정사무를 담당하는가?","관세는 수입되는 물건에 세금을 부과하는 조세이며, 관세 행정사무는 기획재정부 장관 소속의 관세청이 담당한다."
TRAIN_201,재정통계해설,./train_source/재정통계해설.pdf,목적세는 어떤 특징을 가지고 있는가?,"목적세는 특정한 사용 목적을 가지고 부과하는 조세로, 세수의 용도를 가리지 않고 사용할 수 있는 보통세와 반대되는 개념이다."
TRAIN_202,재정통계해설,./train_source/재정통계해설.pdf,국세 중 목적세에는 어떤 세목이 포함되어 있나요?,"국세 중 목적세에는 교통·에너지·환경세, 교육세, 농어촌특별세가 포함되어 있습니다."
TRAIN_203,재정통계해설,./train_source/재정통계해설.pdf,교통·에너지·환경세는 어떤 자원에 대해 부과되는 세금인가요?,교통·에너지·환경세는 자동차 연료인 휘발유와 경유에 대한 유류세로 부과됩니다.
TRAIN_204,재정통계해설,./train_source/재정통계해설.pdf,세외수입은 어떤 종류의 수입으로 구성되어 있나요?,"세외수입은 일반회계·특별회계 수입 중 조세 외의 수입으로, 행정서비스에 대한 공과금, 정부 재산에 대한 이용료, 벌금·과태료 성격의 수입 등으로 구성됩니다."
TRAIN_205,재정통계해설,./train_source/재정통계해설.pdf,기금수입은 무엇을 보유하고 운용하는 자금인가요?,"기금수입은 기금을 보유하고 운용하는 자금으로, 국가나 지방자치단체가 특정한 목적을 위하여 특정한 자금을 신축적으로 운용할 필요가 있을 때 법률로 설치된 자금입니다."
TRAIN_206,재정통계해설,./train_source/재정통계해설.pdf,기금운용에 대한 법적 제약은 어떻게 되는가?,"세입·세출예산과 달리 지출금액의 20%(금융성기금은 30%) 범위 내에서는 국회에 변경안을 제출하지 않고, 자금을 운용할 수 있어 사업의 신축적 운영이 가능(「국가 재정법」 제70조)"
TRAIN_207,재정통계해설,./train_source/재정통계해설.pdf,기금수입의 주요 원천은 무엇인가?,"기금수입은 부담금, 정부출연금 등 다양한 재원으로 조성되고, 성질에 따라 사회 보장기여금, 경상이전수입, 재산수입 등으로 구분"
TRAIN_208,재정통계해설,./train_source/재정통계해설.pdf,기금수입 중 부담금은 누구에게 부과되는가?,부담금은 원인행위자ㆍ수익자 부담 원칙에 따라 특정 공익 사업과 관련된 특정인(예: 환경오염물질 배출 사업자)에 대해 부과
TRAIN_209,재정통계해설,./train_source/재정통계해설.pdf,사회보장기여금이란 무엇인가?,사회보장기여금은 국가가 국민의 안정적인 삶을 위한 사회보장제도 사업을 수행하기 위해 징수하는 보험료 성격의 수입
TRAIN_210,재정통계해설,./train_source/재정통계해설.pdf,"조세부담률은 어떻게 정의되며, 어떻게 계산되는가?","국내총생산(경상GDP)에서 조세수입이 차지하는 비중으로 국민들의 조세부담 정도를 측정하는 지표이며, 조세부담률 = 조세수입/경상GDP = (국세수입+지방세수입)/경상GDP로 계산된다."
TRAIN_211,재정통계해설,./train_source/재정통계해설.pdf,조세 부담률과 국민부담률은 무엇을 기준으로 구분되나요?,조세 부담률과 국민부담률은 조세수입(국세와 지방세) 외에 사회보장기여금을 포함하는지 여부에 따라 구분됩니다.
TRAIN_212,재정통계해설,./train_source/재정통계해설.pdf,한국의 조세수입은 무엇을 의미하나요?,"조세수입은 정부 활동에 필요한 경비로 사용하기 위해 대가를 정하지 않고 국민에게 의무적으로 납부하도록 부과하는 금액으로, 재정수입을 의미합니다."
TRAIN_213,재정통계해설,./train_source/재정통계해설.pdf,한국의 조세법률주의 원칙은 어떻게 규정되어 있나요?,한국의 조세법률주의 원칙은 국민이 부담하는 조세의 종목과 세율은 법률로 정하도록 하는 내용을 담고 있습니다.
TRAIN_214,재정통계해설,./train_source/재정통계해설.pdf,조세는 어떤 기준에 따라 분류할 수 있나요?,"조세는 과세 주체, 세수의 용도, 다른 조세에 부가되는지 여부에 따라 분류할 수 있습니다. 과세 주체에 따라, 국가가 부과·징수하는 국세(「국세기본법」)와 지방자치단체가 국가로부터 과세권을 부여받아 부과·징수하는 지방세(「지방세기본법」)로 구분할 수 있다."
TRAIN_215,재정통계해설,./train_source/재정통계해설.pdf,한국의 조세수입은 부과 목적에 따라 어떻게 구분되나요?,한국의 조세수입은 국가 또는 지방자치 단체의 일반적 지출을 충당하기위해 부과되는 보통세와 특정 지출 목적에 한정되어있는 목적세로 구분됩니다.
TRAIN_216,재정통계해설,./train_source/재정통계해설.pdf,국민부담률은 어떻게 정의되는가?,"국민부담률은 국내총생산(경상GDP)에서 조세수입과 사회보장기여금이 차지하는 비중으로, 조세부담률과 함께 국민들의 부담 정도를 측정하는 대표적인 지표"
TRAIN_217,재정통계해설,./train_source/재정통계해설.pdf,국민부담률은 어떻게 계산되는가?,국민부담률 = 조세부담률 + 사회보장부담률 = (조세수입/경상GDP) + (사회보장기여금수입/경상GDP)
TRAIN_218,재정통계해설,./train_source/재정통계해설.pdf,총지출이란 무엇을 의미하나요?,총지출은 총수입에 대응되는 개념으로서 한 회계연도 동안 정부가 지출하는 돈의 총 규모를 의미합니다.
TRAIN_219,재정통계해설,./train_source/재정통계해설.pdf,기획재정부는 언제부터 중앙정부 재정지출 규모를 총지출 기준으로 산출하여 발표하기 시작했는가?,기획재정부는 2004년 「2005~2009년 국가재정운용계획」에 중앙정부 재정지출 규모를 총지출 기준으로 산출하여 발표하기 시작하였다.
TRAIN_220,재정통계해설,./train_source/재정통계해설.pdf,예산총계란 무엇을 말하나요?,"중앙정부의 재정지출 전체 금액을 말하며 일반회계, 특별회계의 지출을 전부 합산하는 방식으로 산출함"
TRAIN_221,재정통계해설,./train_source/재정통계해설.pdf,예산순계란 무엇인가?,예산순계는 중앙정부의 일반회계와 특별회계의 지출을 모두 합한 예산총계에서 중복 계산된 '회계간' 및 '회계내 계정간' 내부거래지출을 차감하여 구함
TRAIN_222,재정통계해설,./train_source/재정통계해설.pdf,총지출이란 무엇을 의미하나요?,"총지출은 재정의 지출규모를 의미하며, 예산 총계에서 금융성 기금 지출, 내부거래지출과 보전거래지출을 제외한 예산을 가리킵니다."
TRAIN_223,재정통계해설,./train_source/재정통계해설.pdf,"기금지출이란 무엇을 의미하며, 어떤 특징이 있나요?","기금지출은 기금의 한 회계연도 내에서의 지출을 의미하며, 기금은 예산 원칙의 제약을 벗어나 탄력적으로 운용할 수 있는 자금입니다. 기금은 일반·특별회계 예산과는 달리 계획 변경이 가능하고 여유자금을 운용할 수 있는 특징을 가지고 있습니다."
TRAIN_224,재정통계해설,./train_source/재정통계해설.pdf,기금은 기능 및 주체에 따라 어떻게 구분되는가?,"기금은 사회보험성기금, 계정성기금, 금융성기금, 사업성기금으로 구분된다."
TRAIN_225,재정통계해설,./train_source/재정통계해설.pdf,출자금 상환지출은 어떠한 목적으로 이루어지는가?,"출자금 상환지출은 국내 차입금 상환, 예수원리금 상환 등을 위해 이루어집니다."
TRAIN_226,재정통계해설,./train_source/재정통계해설.pdf,예비비는 무엇을 대비해 편성하는가?,예비비는 예측할 수 없는 지출로 인한 예산의 부족에 대비해 두는 비용입니다.
TRAIN_227,재정통계해설,./train_source/재정통계해설.pdf,예산편성 시 어떤 원칙을 따라 편성 예비비 사용이 이루어지는가?,"예산편성 시 예측불가능성, 시급성, 불가피성, 보충성의 원칙을 따라 편성 예비비 사용이 이루어짐"
TRAIN_228,재정통계해설,./train_source/재정통계해설.pdf,예비비 사용을 위해 국무회의 심의와 대통령 승인이 필요한 경우는 어떤 경우인가?,예비비 사용이 필요한 경우 국무회의 심의와 대통령 승인이 필요한 경우는 이미 확보된 예산을 활용한 후 부족분에 대하여 사용 예산 의결 이후에 예비비 사용이 필요한 경우임
TRAIN_229,재정통계해설,./train_source/재정통계해설.pdf,이월이란 무엇을 의미하는가?,이월은 세출예산 중 회계연도 내에 지출하지 못한 금액을 다음 회계연도의 세출 예산에 합산하여 반영하는 것을 의미함
TRAIN_230,재정통계해설,./train_source/재정통계해설.pdf,이월명세서를 작성하여 제출해야 하는 기한은 언제인가?,이월명세서를 작성하여 제출해야 하는 기한은 12월 31일 기준으로 작성하여 1월 31일까지 기획재정부장관과 감사원에 제출해야 함
TRAIN_231,재정통계해설,./train_source/재정통계해설.pdf,예산의 목적외 사용 금지 원칙에 대한 예외가 허용되는 경우는 어떤 경우인가?,"예산의 변경에 해당되는 이용, 전용, 조정, 이체는 예측하지 못했던 이유로 신축적인 예산운용이 필요할 경우에 대비하여 예산의 목적외 사용 금지 원칙에 대한 예외를 허용하는 경우임"
TRAIN_232,재정통계해설,./train_source/재정통계해설.pdf,"기금의 경우 특정 항목의 지출 금액을 얼마 이상 변경할 때 국회의 의결이 필요한가, 그리고 예산과 기금의 차이점은 무엇인가?","기금의 경우 주요 항목 지출 금액의 20%, 금융성기금의 경우 30% 이상 변경시 국회의 의결이 필요합니다. 예산은 모든 수입이 하나의 공통적인 일반재원으로 들어와서 모든 지출이 예산 통일의 원칙에 따라 이루어지는 반면, 기금은 특정한 목적의 사업 추진을 위해 출연금·부담금 등을 재원으로 하며, 특정 수입과 지출이 연계됩니다."
TRAIN_233,재정통계해설,./train_source/재정통계해설.pdf,"재정수지의 의미와 중요성은 무엇이며, 통합재정수지는 무엇인가?","재정수지는 국가재정의 건전성을 판단하기 위한 재정 지표로, 재정수입과 재정 지출의 차이를 의미합니다. 통합재정수지는 일반회계, 특별회계와 기금을 모두 포괄하여 총수입에서 총지출을 차감하여 산출하며, 순수한 정부 수입과 지출의 차이를 보여준다."
TRAIN_234,재정통계해설,./train_source/재정통계해설.pdf,기초재정수지와 구조적 재정수지는 각각 어떤 요인을 고려하여 작성되는 지표인가?,"기초재정수지는 채무이행에 따른 이자지출을 고려하여 작성되는 지표이며, 구조적 재정수지는 경기조정재정수지에서 일시적인 수입·지출 증감 요인을 제거하여 재정건전성을 판단하는 지표로 활용된다."
TRAIN_235,재정통계해설,./train_source/재정통계해설.pdf,국가채무(중앙정부)의 정의와 포함되는 요소는 무엇인가요?,"국가채무(중앙정부)는 '국가의 회계 또는 기금이 부담하는 금전채무'를 의미하며, 중앙정부의 일반회계, 특별회계, 기금이 부담하는 채무로 구성됩니다. 이에는 국채, 차입금, 국고채무 부담행위가 포함됩니다."
TRAIN_236,재정통계해설,./train_source/재정통계해설.pdf,"국가채무(D1)는 어떤 지표로 활용되며, 과다할 경우 어떤 위험이 발생하고, 관련된 대표적인 보고서는 무엇인가?","국가채무(D1)는 중앙정부와 지방정부의 재정건전성 관리를 위한 지표로 활용되며, 과다할 경우 재정의 위험 및 비용이 증가할 수 있다. 관련된 대표적인 보고서로는 '국가 채무관리계획'과 '국가채무관리보고서'가 있다."
TRAIN_237,재정통계해설,./train_source/재정통계해설.pdf,일반정부부채(D2)의 회계기준과 국가채무(D1)의 회계기준은 어떻게 다른가?,"일반정부부채(D2)의 회계기준은 '01 GFSM의 발생주의 기준에 따라 작성되며, 국가채무(D1)는 현금 주의 기준에 따라 작성된다."
TRAIN_238,재정통계해설,./train_source/재정통계해설.pdf,"농어촌특별세와 주세는 어디에 사용되며, 각각의 소관기관은 무엇인가?","농어촌특별세는 농어촌구조개선특별회계에, 주세는 국가균형발전특별회계 재원으로 사용된다. 농어촌특별세의 소관기관은 농림축산식품부이며, 주세의 소관기관은 기획재정부이다."
TRAIN_239,재정통계해설,./train_source/재정통계해설.pdf,"내국세에 포함되는 세목은 총 몇 개이며, 어떤 세목들이 포함되는가?","내국세에는 주세를 제외한 8개 세목이 포함되며, 소득세, 법인세, 부가가치세, 상속세, 증여세, 개별소비세, 증권거래세, 인지세가 포함된다."
TRAIN_240,재정통계해설,./train_source/재정통계해설.pdf,관세의 정의와 관세 행정사무를 담당하는 기관은 무엇인가?,"관세는 수입되는 물건에 부과하는 조세이며, 관세 행정사무는 기획재정부 산하 조직인 관세청이 담당한다."
TRAIN_241,재정통계해설,./train_source/재정통계해설.pdf,"국세 중 목적세에는 어떤 세목이 포함되어 있으며, 교통·에너지·환경세는 어떤 자원에 대해 부과되는 세금인가요?","국세 중 목적세에는 교통·에너지·환경세, 교육세, 농어촌특별세가 포함되어 있습니다. 교통·에너지·환경세는 자동차 연료인 휘발유와 경유에 대한 유류세로 부과됩니다."
TRAIN_242,재정통계해설,./train_source/재정통계해설.pdf,세외수입과 기금수입은 각각 어떤 종류의 수입으로 구성되어 있나요?,"세외수입은 일반회계·특별회계 수입 중 조세 외의 수입으로, 행정서비스에 대한 공과금, 정부 재산에 대한 이용료, 벌금·과태료 성격의 수입 등으로 구성됩니다. 기금수입은 기금을 보유하고 운용하는 자금으로, 국가나 지방자치단체가 특정한 목적을 위하여 특정한 자금을 신축적으로 운용할 필요가 있을 때 부과하며, 사회보장기여금, 부담금 등으로 구성됩니다."
TRAIN_243,재정통계해설,./train_source/재정통계해설.pdf,사회보장기여금의 정의와 그 목적에 대해 설명해주세요.,"사회보장기여금은 국가가 국민의 안정적인 삶을 위한 사회보장제도 사업을 수행하기 위해 징수하는 보험료 성격의 수입입니다. 이는 국민의 사회적 보호를 목적으로 하며, 다양한 사회보장 프로그램의 재원으로 사용됩니다."
TRAIN_244,재정통계해설,./train_source/재정통계해설.pdf,예산지출과 기금지출의 차이는 무엇인가요?,기금은 일반·특별회계 예산과는 달리 계획 변경이 가능하고 여유자금을 운용할 수 있는 특징을 가지고 있습니다.
TRAIN_245,재정통계해설,./train_source/재정통계해설.pdf,"이월이란 무엇을 의미하며, 이월명세서를 작성하여 제출해야 하는 기한은 언제인가?",이월은 세출예산 중 회계연도 내에 지출하지 못한 금액을 다음 회계연도의 세출 예산에 합산하여 반영하는 것을 의미합니다. 이월명세서를 작성하여 제출해야 하는 기한은 12월 31일 기준으로 작성하여 1월 31일까지 기획재정부장관과 감사원에 제출해야 합니다.
TRAIN_246,재정통계해설,./train_source/재정통계해설.pdf,"통합재정지출이란 무엇을 의미하며, 통합재정 통계를 작성하는 기준과 중요성은 무엇인가요?","통합재정지출은 정부의 모든 수입과 지출을 통합적으로 파악하는 회계 방식을 의미하며, 국가 재정운용의 건전성을 판단하고 재정정책의 기본 방향을 수립하는 자료로 활용됩니다. 통합재정 통계는 IMF의 GFSM에 따라 작성되며, 이를 통해 국가전체의 재정지출 규모와 재정수지를 파악하여 재정 운용의 국제 비교, 선진국 경험 참고 등으로 재정정책의 효율성 제고에 기여할 수 있다."
TRAIN_247,재정통계해설,./train_source/재정통계해설.pdf,"예산안 심의, 예산 집행, 결산 및 회계검사는 각각 어떤 과정을 의미하나요?","예산안 심의는 정부가 제출한 예산안을 국회가 심사하여 정부가 제안한 사업과 그 사업에 소요되는 예산을 재검토하고 예산 총액을 결정하는 과정입니다. 예산 집행은 국회의 결정으로 확정된 예산을 바탕으로 국가의 수입과 지출을 실행하고 관리하는 모든 행위를 의미합니다. 결산 및 회계검사는 예산의 집행이 종료된 후 한 회계연도 동안의 국가 수입과 지출의 실적을 확정적 계수로서 표시하고, 그 결과에 관한 사실을 확인 및 검증하는 과정입니다."
TRAIN_248,재정통계해설,./train_source/재정통계해설.pdf,예산과정의 전반적인 의미와 그 중요성은 무엇인가?,"예산과정은 정부가 효율적으로 재정을 관리하고 집행하는 데 필요한 일련의 절차를 의미한다. 이 과정은 예산안의 편성에서 시작하여 국회의 심의 및 확정, 각 부처의 예산 집행, 그리고 국회의 결산 승인에 이르기까지 포함된다. 예산과정은 정부의 재정 운용의 투명성을 보장하고, 국가의 재정적 책임을 강화하는 중요한 역할을 한다."
TRAIN_249,재정통계해설,./train_source/재정통계해설.pdf,"사회보장성기금수지를 산출하기 위해 어떤 기금들을 포함하며, 이 기금들은 정부에 의해 어떤 목적으로 설립되었는가?","사회보장성기금수지 산출에는 국민연금기금, 사립학교교직원 연금기금, 고용보험기금, 산업재해보상보험 및 예방기금 등이 포함됩니다. 이러한 기금들은 국민의 생활 안정과 사회보장을 강화하기 위해 설립되었으며, 주로 국민들에게 다양한 사회보장 혜택을 제공하는 데 필요한 재원을 확보하고 관리하는 것을 목적으로 합니다."
TRAIN_250,재정통계해설,./train_source/재정통계해설.pdf,"기초재정수지와 구조적 재정수지는 각각 어떤 경제적 요인을 고려하여 작성되는 지표이며, 이들 지표가 재정 정책에 어떻게 활용되는가?","기초재정수지는 총수입에서 총지출에서 이자수지를 뺀 값으로 정의할 수 있다. 이는 정부의 일반적인 재정 상태를 나타내는 지표로 사용된다. 구조적 재정수지는 경기 변동을 고려하지 않은 상태에서의 재정 상태를 나타내며, 경기조정재정수지에서 일시적인 수입 및 지출의 변동 요인을 제거한 후 계산된다. 이 지표는 재정 정책의 중장기적인 건전성을 평가하는 데 중요하게 활용된다."
TRAIN_251,재정통계해설,./train_source/재정통계해설.pdf,"국가채무(D1), 일반정부부채(D2), 공공부문부채(D3)의 각각의 정의와 이들 간의 차이점에 대해 설명해 주세요.","국가채무(D1)는 중앙정부와 지방자치단체의 채무를 현금주의 기준으로 산출한 총액을 의미하며, 일반정부부채(D2)는 중앙정부, 지방자치단체 뿐만 아니라 비영리공공기관의 부채까지 포함하여 발생주의 기준으로 산출한 부채입니다. 공공부문부채(D3)는 일반정부부채(D2)에 비금융공기업의 부채까지 추가하여 발생주의 기준으로 산출한 가장 포괄적인 부채 지표로, Public Sector Debt Statistics(PSDS)에 기초하여 산출됩니다."
TRAIN_252,재정통계해설,./train_source/재정통계해설.pdf,"국세 중 목적세에는 어떤 세목이 포함되어 있으며, 각각은 구체적으로 어떤 자원에 대해 부과되는 세금인가요?","국세 중 목적세에는 교통·에너지·환경세, 교육세, 농어촌특별세 등이 포함됩니다. 특히 교통·에너지·환경세는 자동차 연료인 휘발유와 경유에 대한 유류세로서, 이는 자동차 연료인 휘발유와 경유에 대한 유류세로서, 교통환경 개선에 주로 쓰이는 교통시설특별회계 등의 재원으로 사용됩니다. 교육세는 금융·보험업자의 수익 및 유류 소비 등에 부과되며, 지방교육재정교부금 등 교육재정 용도로 사용됩니다."
TRAIN_253,재정통계해설,./train_source/재정통계해설.pdf,사회보장기여금의 정의와 그 목적에 대해 자세히 설명해주세요.,"사회보장기여금은 국가가 국민의 안정적인 삶을 보장하기 위해 운영하는 사회보장제도의 재정을 마련하기 위해 징수하는 금액입니다. 이 기여금은 국민의 노후, 실업, 질병, 장애 등 다양한 사회적 위험으로부터 보호하기 위한 목적을 가지고 있으며, 연금, 건강보험, 고용보험 등의 다양한 사회보장 프로그램에 필요한 자금으로 사용됩니다. 이를 통해 국민 개개인이 경제적, 사회적 어려움에 직면했을 때 필요한 지원을 받을 수 있도록 돕습니다."
TRAIN_254,재정통계해설,./train_source/재정통계해설.pdf,국민부담률의 정의와 계산 방법에 대해 자세히 설명해 주세요.,"국민부담률은 국가의 재정 활동으로 인해 국민이 부담하는 경제적 부담의 총량을 나타내는 지표로, 국내총생산(GDP) 대비 조세수입과 사회보장기여금의 합계 비율로 정의됩니다. 이를 계산하기 위해서는 먼저 조세부담률과 사회보장부담률을 각각 구해야 합니다. 조세부담률은 경상 GDP 대비 조세수입의 비율로 계산되며, 사회보장부담률은 경상 GDP 대비 사회보장기여금 수입의 비율로 계산됩니다. 따라서 국민부담률은 조세부담률과 사회보장부담률을 합산하여 구할 수 있습니다."
TRAIN_255,재정통계해설,./train_source/재정통계해설.pdf,"정부의 예비비는 주로 어떤 상황에서 사용되며, 그 사용의 법적 기준은 무엇인가요?","정부의 예비비는 주로 예상치 못한 긴급 상황이나 자연재해, 경제 위기 등 예측 불가능한 상황에서 사용됩니다. 예비비의 사용은 국가재정법에 의해 엄격히 규제되며, 예비비 사용 시 대통령의 승인을 받아야 한다. 이는 예비비가 한정적이고 중요한 자원이기 때문에 효율적이고 적절한 사용이 이루어져야 하기 때문입니다."
TRAIN_256,국토교통부_전세임대(융자),./train_source/국토교통부_전세임대(융자).pdf,주택도시기금의 소관 기관은 무엇인가요?,국토교통부
TRAIN_257,국토교통부_전세임대(융자),./train_source/국토교통부_전세임대(융자).pdf,전세임대 정책은 어떤 근거로 추진되고 있는가?,"주택도시기금법 제9조, 공공주택 특별법 제3조의2 및 제45조의2"
TRAIN_258,국토교통부_전세임대(융자),./train_source/국토교통부_전세임대(융자).pdf,'17년 11월에 발표된 사회통합형 주거사다리 구축을 위한 주거복지로드맵에는 어떤 내용이 포함되어 있나요?,2017년 11월에 발표된 사회통합형 주거사다리 구축을 위한 주거복지로드맵에는 2018~2022년간 임차형 17만호 공급에 관한 내용이 포함되어 있습니다.
TRAIN_259,국토교통부_전세임대(융자),./train_source/국토교통부_전세임대(융자).pdf,'18년 7월에 발표된 신혼부부·청년 주거지원방안에는 어떤 내용이 포함되어 있나요?,"'18년 7월에 발표된 신혼부부·청년 주거지원방안에는 '신혼부부 전세임대Ⅱ, 기숙사형 신규 도입' 등이 포함되어 있습니다."
TRAIN_260,국토교통부_전세임대(융자),./train_source/국토교통부_전세임대(융자).pdf,주택지원 사업의 주요 시행주체는 누구인가?,"한국토지주택공사, 지방공사"
TRAIN_261,국토교통부_전세임대(융자),./train_source/국토교통부_전세임대(융자).pdf,2024년 전세임대(융자) 주택지원 사업의 수혜자는 어떤 조건을 충족해야 하는가?,"(1순위) 생계・의료급여 수급자, 보호대상 한부모가정 등, (2순위) 도시근로자 월평균소득의 50% 이하"
TRAIN_262,고용노동부_청년일자리창출지원,./train_source/고용노동부_청년일자리창출지원.pdf,2024년 고용노동부의 청년 일자리 창출지원 사업의 확정 예산은 얼마인가요?,657680백만원
TRAIN_263,고용노동부_청년일자리창출지원,./train_source/고용노동부_청년일자리창출지원.pdf,청년일자리창출지원 사업의 목적은 무엇인가요?,"청년 신규 일자리 창출을 통한 청년고용을 활성화하고, 청년취업 촉진 및 구인난 해소에 목적이 있습니다."
TRAIN_264,고용노동부_청년일자리창출지원,./train_source/고용노동부_청년일자리창출지원.pdf,청년일자리도약장려금은 어떤 기업을 대상으로 지원하는가요?,5인 이상 우선지원 기업
TRAIN_265,고용노동부_청년일자리창출지원,./train_source/고용노동부_청년일자리창출지원.pdf,청년일자리도약장려금은 어떤 조건을 충족해야 받을 수 있나요?,만 15~34세의 취업애로청년을 정규직으로 채용 후 6개월 이상 고용유지
TRAIN_266,고용노동부_청년일자리창출지원,./train_source/고용노동부_청년일자리창출지원.pdf,한시적인 청년채용장려금 사업의 목적은 무엇인가?,"청년고용이 악화된 상황에서 청년실업 악화·장기화 가능성 등을 감안하여, 청년고용 활성화와 취업애로청년의 취업 촉진을 위해 '22~'24년에 한시적인 청년채용장려금 사업이 신설되었다."
TRAIN_267,고용노동부_청년일자리창출지원,./train_source/고용노동부_청년일자리창출지원.pdf,'24년에 신설된 빈일자리청년취업지원금은 어떤 목적으로 만들어졌나요?,"24년에 빈일자리청년취업지원금은 빈일자리 업종에 취업한 청년에 대해 임금격차 해소, 생계부담 완화, 기업 구인난 해소 등을 위해 사업이 신설되었습니다."
TRAIN_268,고용노동부_청년일자리창출지원,./train_source/고용노동부_청년일자리창출지원.pdf,청년 일자리 창출 지원 사업 중 청년일자리도약장려금과 빈일자리청년취업지원금의 사업기간은 어떻게 되는가?,"청년일자리도약장려금은 '22년~'24년까지 3년간, 빈일자리청년취업지원금은 '24년에 시범사업으로 진행된다."
TRAIN_269,고용노동부_청년일자리창출지원,./train_source/고용노동부_청년일자리창출지원.pdf,2020년부터 2024년까지 청년 일자리 창출 지원 사업비는 어떻게 변화하고 있는가?,"청년 일자리 창출 지원 사업의 5년간의 사업비는 2020년 796,338, 2021년 1,121,166, 2022년 542,769, 2023년 889,078, 2024년 657,680으로 변화하고 있다."
TRAIN_270,고용노동부_청년일자리창출지원,./train_source/고용노동부_청년일자리창출지원.pdf,청년일자리도약장려금 사업 집행절차는 어떤 단계로 되어 있나요?,"사업 집행절차에는 사업 참여신청, 기업 참여 승인, 청년 채용 및 지원금 신청, 지원금 지급 요청, 지원금 지급이 포함되어 있습니다."
TRAIN_271,고용노동부_청년일자리창출지원,./train_source/고용노동부_청년일자리창출지원.pdf,빈일자리청년취업지원금의 추진절차에는 어떤 단계로 되어 있나요?,"빈일자리청년취업지원금의 추진절차에는 지원금 신청, 지원금 지급 요청, 지원금 지급이 포함되어 있습니다."
TRAIN_272,고용노동부_청년일자리창출지원,./train_source/고용노동부_청년일자리창출지원.pdf,청년일자리도약장려금 관련해서 민간운영기관과 고용센터의 역할은 무엇인가요?,"민간운영기관은 참여기업의 참여신청 접수, 승인, 요건심사 등을 수행하며, 고용센터는 지원금의 지급을 담당합니다."
TRAIN_273,고용노동부_청년일자리창출지원,./train_source/고용노동부_청년일자리창출지원.pdf,"2024년 고용노동부의 청년 일자리 창출지원 사업의 확정 예산은 몇백만원이며, 목적은 무엇인가요?","확정 예산은 657,680백만원이며, 그 목적은 청년 신규 일자리 창출을 통한 청년고용 활성화입니다."
TRAIN_274,고용노동부_청년일자리창출지원,./train_source/고용노동부_청년일자리창출지원.pdf,2024년 청년일자리도약장려금의 지원 대상기업과 수령 조건은 무엇인가요?,"지원 대상기업은 5인 이상 우선지원대상기업이며, 수령 조건은 만 15~34세의 취업애로청년을 정규직으로 채용 후 6개월 이상 고용유지해야 합니다."
TRAIN_275,고용노동부_내일배움카드(일반),./train_source/고용노동부_내일배움카드(일반).pdf,내일배움카드(일반)의 예산은 2022년부터 2024년까지 어떻게 변화하고 있는가?,"내일배움카드(일반)의 예산은 2022년 322,799백만원에서 2023년 518,815백만원으로 증가하고, 2024년에는 584,906백만원으로 더 증가하는 추세이다."
TRAIN_276,고용노동부_내일배움카드(일반),./train_source/고용노동부_내일배움카드(일반).pdf,2015년에 내일배움카드사업과 관련해서 통합된 제도는 무엇인가?,직업능력개발계좌제와 국가기간・전략산업직종훈련 운영방식이 통합되었다.
TRAIN_277,고용노동부_내일배움카드(일반),./train_source/고용노동부_내일배움카드(일반).pdf,내일배움카드사업 시행주체는 누구인가?,고용노동부(지방고용노동관서)
TRAIN_278,고용노동부_내일배움카드(일반),./train_source/고용노동부_내일배움카드(일반).pdf,내일배움카드(일반) 사업에서 돌봄서비스 특화훈련에 대한 지원은 무엇인가?,"노인 돌봄, 보육 등 중앙정부의 정책적, 제도적으로 양성이 필요한 분야에 대하여 특화훈련을 신설하여 훈련비 등을 지원한다."
TRAIN_279,고용노동부_내일배움카드(일반),./train_source/고용노동부_내일배움카드(일반).pdf,평생크레딧에 대한 사업 집행절차는 어떻게 이루어지는가?,"평생크레딧 사업은 훈련과정 선정, 훈련생의 국민내일배움카드 발급 및 훈련참여, 훈련비 등의 집행절차가 있습니다."
TRAIN_280,보건복지부_노인일자리 및 사회활동지원,./train_source/보건복지부_노인일자리 및 사회활동지원.pdf,노인일자리 및 사회활동 지원 사업의 예산 총괄표에서 2023년 예산은 몇백만원인가요?,"1,540,016백만원입니다."
TRAIN_281,보건복지부_노인일자리 및 사회활동지원,./train_source/보건복지부_노인일자리 및 사회활동지원.pdf,노인일자리 및 사회활동 지원 사업의 2024년 예산 확정액은 몇백만원인가요?,"2,026,370백만원입니다."
TRAIN_282,보건복지부_노인일자리 및 사회활동지원,./train_source/보건복지부_노인일자리 및 사회활동지원.pdf,노인일자리 및 사회활동지원 사업의 목적은 무엇인가요?,취약노인의 소득보충 및 건강하고 의미있는 노후생활을 위하여 노인일자리 등 다양한 사회활동 지원
TRAIN_283,보건복지부_노인일자리 및 사회활동지원,./train_source/보건복지부_노인일자리 및 사회활동지원.pdf,보건복지부의 노인일자리 및 사회활동지원 사업 수혜자는 누구인가?,보건복지부의 노인일자리 및 사회활동지원 사업 수혜자는 만 65세 이상 (일부 유형은 만 60세 이상)인 노인들이다.
TRAIN_284,보건복지부_노인일자리 및 사회활동지원,./train_source/보건복지부_노인일자리 및 사회활동지원.pdf,보건복지부의 노인일자리 및 사회활동지원 사업의 보조율 법적 근거는?,보조금 관리에 관한 법률에 근거한다.
TRAIN_285,중소벤처기업부_창업사업화지원,./train_source/중소벤처기업부_창업사업화지원.pdf,창업사업화지원 사업의 2022년 결산 기준 예산 규모는 얼마인가?,"2022년 창업사업화지원 사업의 결산 기준 예산 규모는 432,824백만원이다."
TRAIN_286,중소벤처기업부_창업사업화지원,./train_source/중소벤처기업부_창업사업화지원.pdf,창업사업화지원의 사업목적은 무엇인가?,"창업사업화지원의 사업목적은 창업기업의 성장단계별, 초격차 분야별, 글로벌화 지원체계를 구축‧운영하여 혁신 기술창업을 활성화하고 창업기업 성장 및 생존율 제고하는 것이다."
TRAIN_287,중소벤처기업부_창업사업화지원,./train_source/중소벤처기업부_창업사업화지원.pdf,창업사업화지원 사업의 법령상 근거는 무엇인가요?,「중소기업창업 지원법」 제10조(창업 활성화 지원사업의 추진 등)과 「기술의 이전 및 사업화 촉진에 관한 법률」 제15조(기술이전ㆍ사업화 촉진사업의 추진)
TRAIN_288,중소벤처기업부_창업사업화지원,./train_source/중소벤처기업부_창업사업화지원.pdf,언제 청년 일자리 대책의 일환으로 기술혁신 기반 예비창업자의 사업화를 지원하는 '기술혁신형 창업기업 지원사업'이 신설되었나요?,"기술혁신형 창업기업 지원사업(현, 예비창업패키지)'은 '18년에 신설되었습니다."
TRAIN_289,중소벤처기업부_창업사업화지원,./train_source/중소벤처기업부_창업사업화지원.pdf,어떤 전략에 따라 4차산업혁명 분야와 비대면 분야가 중점 육성산업으로 선정되었나요?,제2벤처붐 확산 전략에 따라 4차산업혁명 분야와 비대면 분야가 중점 육성산업으로 선정되었습니다.
TRAIN_290,중소벤처기업부_창업사업화지원,./train_source/중소벤처기업부_창업사업화지원.pdf,초격차 스타트업 1000 프로젝트란?,"국정과제(32번, 예비창업부터 글로벌 유니콘까지 완결형 벤처생태계 구현) 및 새정부 경제 정책 방향(신산업육성)에 따라 신산업 분야 글로벌 유망 스타트업을 발굴‧육성하는 프로젝트입니다."
TRAIN_291,중소벤처기업부_창업사업화지원,./train_source/중소벤처기업부_창업사업화지원.pdf,대학발 창업 및 신산업 중심의 첨단기술‧딥테크 창업 활성화와 관련된 국정과제는?,국정과제 32번(예비창업부터 글로벌 유니콘까지 완결형 벤처생태계 구현)
TRAIN_292,중소벤처기업부_창업사업화지원,./train_source/중소벤처기업부_창업사업화지원.pdf,"2024년 중소벤처기업부의 창업사업화 지원사업규모는 얼마이며, 몇 개의 창업기업이 지원받는가?","377,656백만원이며, 창업기업 3,500개사가 지원받는다."
TRAIN_293,중소벤처기업부_창업사업화지원,./train_source/중소벤처기업부_창업사업화지원.pdf,2024년 중소벤처기업부의 창업사업화지원 사업에서 어떤 기관들이 사업시행주체로 참여하는가?,"중소벤처기업부, 창업진흥원이 사업시행주체이다."
TRAIN_294,중소벤처기업부_창업사업화지원,./train_source/중소벤처기업부_창업사업화지원.pdf,중소벤처기업부의 창업사업화지원 사업 집행절차에서 사후관리를 담당하는 부서는 무엇인가?,사후관리는 중소벤처기업부와 주관기관이 담당한다.
TRAIN_295,중소벤처기업부_창업사업화지원,./train_source/중소벤처기업부_창업사업화지원.pdf,중소벤처기업부의 창업사업화지원 사업 집행절차에서 예비창업자ㆍ창업ㆍ벤처기업과 주관기관이 관여하는 부분은 무엇인가?,예비창업자ㆍ창업ㆍ벤처기업과 주관기관은 창업 및 사업화 부분에 관여한다.
TRAIN_296,보건복지부_생계급여,./train_source/보건복지부_생계급여.pdf,보건복지부의 생계급여지원 사업은 국고보조율의 비중이 어떻게 되나요?,"국고보조율은 서울이 40~60%, 지방이 70~90%로 결정됩니다."
TRAIN_297,보건복지부_생계급여,./train_source/보건복지부_생계급여.pdf,생계급여의 사업목적은 무엇인가?,생계유지 능력이 없거나 생활이 어려운 자에게 필요한 생계급여 지급을 통해 최저생활 보장 및 사회복지 향상에 기여하는 것이다.
TRAIN_298,보건복지부_생계급여,./train_source/보건복지부_생계급여.pdf,생계급여 사업에서 기초생활보장관리를 위해 어떤 활동을 추진하고 있는가?,"기초생활보장관리를 위해 위원회 개최, 지자체 교육‧점검, 제도개선 연구, 사업 홍보, 우수공무원 포상 등의 활동을 추진하고 있다."
TRAIN_299,보건복지부_생계급여,./train_source/보건복지부_생계급여.pdf,생계급여와 관련된 법령상 근거는 무엇인가?,생계급여와 관련된 법령상 근거는 「국민기초생활보장법」제7조 ~ 제10조에 명시되어 있다.
TRAIN_300,보건복지부_생계급여,./train_source/보건복지부_생계급여.pdf,국민기초생활보장법에 따른 급여의 종류는 무엇인가?,"생계급여, 주거급여, 의료급여, 교육급여, 해산급여, 장제급여, 자활급여"
TRAIN_301,보건복지부_생계급여,./train_source/보건복지부_생계급여.pdf,생계급여의 수급권자는 어떤 조건을 충족해야 하는가?,"부양의무자가 없거나, 부양의무자가 있어도 부양능력이 없거나 부양을 받을 수 없는 사람이며 소득인정액이 생계급여 선정기준 이하인 사람"
TRAIN_302,보건복지부_생계급여,./train_source/보건복지부_생계급여.pdf,생계급여 선정기준은 어떻게 되는가?,기준 중위소득의 100분의 30 이상으로 한다.
TRAIN_303,보건복지부_생계급여,./train_source/보건복지부_생계급여.pdf,생계급여는 어떤 방법으로 이루어지나요?,"생계급여는 금전을 지급하는 것으로 이루어집니다. 다만, 금전으로 지급할 수 없거나 금전으로 지급하는 것이 적당하지 않다고 판단될 경우 물품을 지급할 수도 있습니다."
TRAIN_304,보건복지부_생계급여,./train_source/보건복지부_생계급여.pdf,생계급여의 수급품은 어떻게 정해지나요?,"대통령령으로 정하는 바에 따라 매월 정기적으로 지급되며, 특별한 경우에는 지급방법을 다르게 정할 수 있습니다."
TRAIN_305,보건복지부_생계급여,./train_source/보건복지부_생계급여.pdf,생계급여를 받는 사람에게 직접 지급되나요?,"수급자에게 직접 지급되며, 보장시설이나 타인의 가정에 위탁하여 생계급여를 실시하는 경우에는 위탁받은 사람에게 지급될 수 있습니다."
TRAIN_306,보건복지부_생계급여,./train_source/보건복지부_생계급여.pdf,생계급여는 소득인정액 등을 고려하여 어떻게 지급될 수 있나요?,보건복지부장관이 정하는 바에 따라 수급자의 소득인정액 등을 고려하여 차등지급될 수 있습니다.
TRAIN_307,보건복지부_생계급여,./train_source/보건복지부_생계급여.pdf,근로능력이 있는 수급자에게 생계급여를 실시하는 방법은?,"보장기관은 대통령령으로 정하는 바에 따라 근로능력이 있는 수급자에게 자활에 필요한 사업에 참가할 것을 조건으로 하여 생계급여를 실시할 수 있으며, 이 경우 보장기관은 제28조에 따른 자활지원계획을 고려하여 조건을 제시하여야 합니다."
TRAIN_308,보건복지부_생계급여,./train_source/보건복지부_생계급여.pdf,2006년 7월 부양의무자 소득기준이 어떻게 변화하였는가?,부양의무자 소득기준이 최저생계비 120%에서 130%로 상향조정되었습니다.
TRAIN_309,보건복지부_생계급여,./train_source/보건복지부_생계급여.pdf,외국인 배우자 수급권 부여는 언제부터 시행되었는가?,외국인 배우자 수급권 부여는 2007년 1월 1일부터 시행되었습니다.
TRAIN_310,보건복지부_생계급여,./train_source/보건복지부_생계급여.pdf,기준 중위소득 산출방식 개편방안이 언제 마련되었나요?,기준 중위소득 산출방식 개편방안은 2020년 7월에 마련되었습니다.
TRAIN_311,보건복지부_생계급여,./train_source/보건복지부_생계급여.pdf,생계급여 부양의무자 기준이 언제 전면 폐지되었나요?,생계급여 부양의무자 기준은 2021년 10월에 전면 폐지되었습니다.
TRAIN_312,보건복지부_생계급여,./train_source/보건복지부_생계급여.pdf,생계급여 사업시행주체는 누구인가요?,생계급여 사업시행주체는 보건복지부와 지자체입니다.
TRAIN_313,국토교통부_소규모주택정비사업,./train_source/국토교통부_소규모주택정비사업.pdf,주거환경 개선 및 신속한 주택공급을 위해 어떤 사업이 시행되는가?,가로주택정비사업과 자율주택정비사업이 시행됩니다.
TRAIN_314,국토교통부_소규모주택정비사업,./train_source/국토교통부_소규모주택정비사업.pdf,가로주택정비사업이란?,노후.저층 주거지 내 노후.불량건축물 밀집 구역에 거주하는 주민들이 조합을 구성하여 1만m²미만의 소규모로 시행하는 소규모 정비사업으로 서사업비 일부를 융자지원하여 주거환경 개선 및 신속한 주택공급 가능하게 하는 것이다.
TRAIN_315,국토교통부_소규모주택정비사업,./train_source/국토교통부_소규모주택정비사업.pdf,소규모주택정비사업에서 이차보전은 어떤 목적으로 지원되는가?,이차보전은 원활한 사업비 조달 및 신속한 주택공급을 위해 정책금리와 협약금리 차이 일부를 지원하는 것입니다.
TRAIN_316,국토교통부_소규모주택정비사업,./train_source/국토교통부_소규모주택정비사업.pdf,소규모주택정비사업에서 정책금리와 협약금리의 차이는 최대 얼마까지 지원되는가?,최대 2%까지 지원됩니다.
TRAIN_317,국토교통부_소규모주택정비사업,./train_source/국토교통부_소규모주택정비사업.pdf,「도시 및 주거환경정비법」내 '가로주택정비사업'이 도입된 시기는?,2012년 2월입니다.
TRAIN_318,국토교통부_소규모주택정비사업,./train_source/국토교통부_소규모주택정비사업.pdf,"소규모주택정비사업에서 애로요인을 해소하기 위해 가로주택정비사업 금융지원을 강화하였는데, 어떤 대책을 통해 개선하려고 하는가?","민간자금 조달 시, 기금과의 금리차(2.3~3.8%p) 일부를 보전(약 2%p)하는 이차보전 제도를 신설 추진"
TRAIN_319,국토교통부_소규모주택정비사업,./train_source/국토교통부_소규모주택정비사업.pdf,소규모주택정비사업에서 수혜자는 누구인가?,"노후, 불량건축물 밀집구역 거주 주민"
TRAIN_320,국토교통부_민간임대(융자),./train_source/국토교통부_민간임대(융자).pdf,민간임대(융자) 사업 중 공공지원민간임대 내역사업의 사업목적은 무엇인가요?,"공공지원민간임대 사업의 목적은 주거지원계층 및 무주택 서민 등의 주거안정을 위해, 장기간 거주 가능하고 임대료도 안정적으로 관리되는 전용면적 85㎡ 이하의 공공지원민간임대주택의 건설 및 매입 자금의 일부를 융자 지원하는 것이다. 또한,  전용면적 85m² 이하의 장기일반민간임대주택 및 단기민간임대주택을 건설하려는 임대사업자 에게 건설비용의 일부를 융자 지원한다."
TRAIN_321,국토교통부_민간임대(융자),./train_source/국토교통부_민간임대(융자).pdf,사업근거는 어떤 법령에 근거하고 있나요?,"- 주택도시기금법 제9조제1항제9호
- 민간임대주택에 관한 특별법 제4조"
TRAIN_322,국토교통부_민간임대(융자),./train_source/국토교통부_민간임대(융자).pdf,민간임대(융자) 사업에서 주거복지로드맵을 발표한 시점은?,2017년 11월 29일입니다.
TRAIN_323,국토교통부_민간임대(융자),./train_source/국토교통부_민간임대(융자).pdf,"민간임대(융자) 사업에서 기업형 임대사업자 육성방안은 언제 발표되었고, 그 내용은 무엇인가?",2015년 1월 13일에 민간임대리츠 1만호 공급 계획을 발표하였다.
TRAIN_324,국토교통부_민간임대(융자),./train_source/국토교통부_민간임대(융자).pdf,민간임대(융자) 사업 수혜자로 지정된 그룹은 무엇인가?,"무주택 임차가구 및 청년·신혼부부·고령자(장기임대 등, 준주택전세전환지원) 서민·중산층이 사업 수혜자로 지정되었습니다."
TRAIN_325,국토교통부_민간임대(융자),./train_source/국토교통부_민간임대(융자).pdf,민간임대(융자) 사업시행주체는 누구인가?,사업시행주체는 민간임대사업자입니다.
TRAIN_326,고용노동부_조기재취업수당,./train_source/고용노동부_조기재취업수당.pdf,어떤 경우에 조기재취업 직업능력개발수당을 받을 수 있나요?,"구직급여 수급자가 직업안정기관의 장이 지시한 직업능력개발 훈련 등을 받는 경우 훈련참여기간에 1일 7,530원 지급"
TRAIN_327,고용노동부_조기재취업수당,./train_source/고용노동부_조기재취업수당.pdf,구직급여 수급자는 어떤 조건에서 광역구직활동비를 받을 수 있나요?,구직급여 수급자가 직업안정기관의 소개에 따라 거주지에서 25km 이상 떨어진 곳에서 구직활동을 하면 교통비 등이 지급된다.
TRAIN_328,고용노동부_조기재취업수당,./train_source/고용노동부_조기재취업수당.pdf,구직급여 수급자는 어떤 조건에서이주비를 지원받을 수 있나요?,구직급여 수급자가 취업으로 인해 거주지를 이전할 필요성이 있다고 인정되는 경우 화물운송 실비 등을 지급한다.
TRAIN_329,고용노동부_조기재취업수당,./train_source/고용노동부_조기재취업수당.pdf,이주비의 지급 조건은 무엇인가요?,이주비는 수급자격자가 취업하거나 직업안정기관의 장이 지시한 직업능력개발 훈련 등을 받기 위해 주거를 이전하는 경우에 대통령령으로 정하는 기준에 따라 직업안정기관의 장이 필요하다고 인정하면 지급할 수 있습니다.
TRAIN_330,고용노동부_조기재취업수당,./train_source/고용노동부_조기재취업수당.pdf,고용보험법은 언제 제정되었나요?,고용보험법은 1993년 12월에 제정되었습니다.
TRAIN_331,고용노동부_조기재취업수당,./train_source/고용노동부_조기재취업수당.pdf,고용보험사업에 따른 급여는 언제부터 지급되기 시작했나요?,고용보험사업(실업급여 등) 시행 이후 1996년부터 지급되기 시작했습니다.
TRAIN_332,고용노동부_조기재취업수당,./train_source/고용노동부_조기재취업수당.pdf,고용보험사업의 사업시행주체는 누구인가요?,고용보험사업의 사업시행주체는 고용노동부(고용센터)입니다.
TRAIN_333,고용노동부_조기재취업수당,./train_source/고용노동부_조기재취업수당.pdf,사업 집행절차에서 조기재취업수당을 받기 위해 필요한 절차는 무엇인가요?,"조기재취업수당을 받기 위해는 조기재취업수당 신청서 제출, 지급요건 확인, 조기재취업수당 지급 등의 절차가 필요합니다."
TRAIN_334,고용노동부_조기재취업수당,./train_source/고용노동부_조기재취업수당.pdf,직업능력개발 수당을 받기 위해 어떤 절차를 거쳐야 하나요?,"직업능력개발 수당을 받기 위해서는 수당 신청서를 제출하고, 서류심사와 심의위원회 등의 절차를 거쳐 지급요건을 확인받아야 한다."
TRAIN_335,2024년도 성과계획서(총괄편),./train_source/2024년도 성과계획서(총괄편).pdf,작성 대상 60개 중앙관서 중에서 2024년에 전략 목표와 프로그램목표가 몇 개씩 있는지 알 수 있을까요?,"전략 목표는 187개, 프로그램목표는 475개입니다."
TRAIN_336,2024년도 성과계획서(총괄편),./train_source/2024년도 성과계획서(총괄편).pdf,2024년도 성과지표는 총 몇 개로 구성되어 있나요?,2024년도 성과지표는 총 507개로 구성되어 있습니다.
TRAIN_337,2024년도 성과계획서(총괄편),./train_source/2024년도 성과계획서(총괄편).pdf,2024년 성과지표의 투입지표는 몇 개로 구성되어 있나요?,성과지표의 성격에 따라 투입지표는 21개로 구성되어 있습니다.
TRAIN_338,2024년도 성과계획서(총괄편),./train_source/2024년도 성과계획서(총괄편).pdf,2024년 성과지표의 결과지표는 몇 개로 구성되어 있나요?,성과지표의 성격에 따라 결과지표는 355개로 구성되어 있습니다.
TRAIN_339,2024년도 성과계획서(총괄편),./train_source/2024년도 성과계획서(총괄편).pdf,2024년 성과지표의 측정여부에 따라 정량지표는 몇 개로 구성되어 있나요?,성과지표의 측정여부에 따라 정량지표는 375개로 구성되어 있습니다.
TRAIN_340,2024년도 성과계획서(총괄편),./train_source/2024년도 성과계획서(총괄편).pdf,2024년도 산업통상자원부 프로그램 목표의 성과지표 중 정량지표의 수는 몇 개인가?,프로그램 목표의 성과지표 중 정량지표의 수는 25개이다.
TRAIN_341,2024년도 성과계획서(총괄편),./train_source/2024년도 성과계획서(총괄편).pdf,국민의 기본적 생활보장 내실화를 위한 성과지표 중 2024년 상대적 빈곤율의 목표치는 몇 퍼센트인가?,상대적 빈곤율의 목표치는 13.6%이다.
TRAIN_342,2024년도 성과계획서(총괄편),./train_source/2024년도 성과계획서(총괄편).pdf,노숙인의사상자 지원 프로그램의 성과지표 중 2024년 노숙인시설 종사자 교육 참여율의 목표치는 몇 퍼센트인가?,노숙인시설 종사자 교육 참여율의 목표치는 36%이다.
TRAIN_343,2024년도 성과계획서(총괄편),./train_source/2024년도 성과계획서(총괄편).pdf,장애인 생활안정 및 재활 지원 프로그램의 성과지표 중 2024년 장애인 현금급여 수급률의 목표치는 몇 퍼센트인가?,장애인 현금급여 수급률의 목표치는 29.25%이다.
TRAIN_344,2024년도 성과계획서(총괄편),./train_source/2024년도 성과계획서(총괄편).pdf,성과계획서에 따른 '효율적 국정수행을 지원하기 위해 정보화 역량을 제고한다'는 프로그램목표의 성과지표 중 2024년 정보서비스 가용성의 목표치는 얼마인가?,99.90%
TRAIN_345,2024년도 성과계획서(총괄편),./train_source/2024년도 성과계획서(총괄편).pdf,해양경찰청의 2024년도 성과지표는 몇 개인가요?,해양경찰청의 성과지표 수는 5개입니다.
TRAIN_346,2024년도 성과계획서(총괄편),./train_source/2024년도 성과계획서(총괄편).pdf,새만금개발청의 2024년도 '프로그램목표 Ⅰ-1'의 예산은 얼마인가요?,"새만금개발청의 프로그램목표 Ⅰ-1의 예산은 10,689백만원입니다."
TRAIN_347,2024년도 성과계획서(총괄편),./train_source/2024년도 성과계획서(총괄편).pdf,성과지표 중 '과거사 문제 해결을 위해 적극적으로 진실을 규명' 하기 위해  2024년 예산안에 얼마의 예산이 할당되었나요?,3429백만원
TRAIN_348,2024년도 성과계획서(총괄편),./train_source/2024년도 성과계획서(총괄편).pdf,2024년도 예산안 기준 총지출 대비 성과관리대상 설정액 비율은 얼마인가?,57.2%
TRAIN_349,2024년도 성과계획서(총괄편),./train_source/2024년도 성과계획서(총괄편).pdf,2024년 대통령비서실 및 국가안보실의 성과관리대상 사업의 재정현황 중 인건비의 비율은 얼마인가?,42%
TRAIN_350,2024년도 성과계획서(총괄편),./train_source/2024년도 성과계획서(총괄편).pdf,프로그램 목표 중 '국민 안심 확보를 위해 안전하고 건강한 식생활 환경을 조성한다'의 2024년 예산은 몇 백만원인가요?,"161,044백만원"
TRAIN_351,2024년도 성과계획서(총괄편),./train_source/2024년도 성과계획서(총괄편).pdf,식의약 안전 확보를 위해 과학적 심사·시험연구를 강화한다' 전략목표의 2024년 총 예산은 몇 백만원인가요?,"156,587백만원"
TRAIN_352,2024년도 성과계획서(총괄편),./train_source/2024년도 성과계획서(총괄편).pdf,국가인권위원회의 '24년 예산안은 얼마인가?,"10,808백만원"
TRAIN_353,2024년도 성과계획서(총괄편),./train_source/2024년도 성과계획서(총괄편).pdf,24년 국가인권위원회 성과목표치 중 인권관련 법령·정책에 대한 개선권고 및 재정 건수는 몇 건인가?,104건
TRAIN_354,2024년도 성과계획서(총괄편),./train_source/2024년도 성과계획서(총괄편).pdf,24년 국가인권위원회 성과목표치 중 진정·직권조사 관련 일반 권리구제 건수는 몇 건인가?,638건
TRAIN_355,2024년도 성과계획서(총괄편),./train_source/2024년도 성과계획서(총괄편).pdf,국가교육위원회의 '24년 예산은 얼마인가?,"4,773억원"
TRAIN_356,2024년도 성과계획서(총괄편),./train_source/2024년도 성과계획서(총괄편).pdf,방송통신위원회의 '24년 예산은 얼마인가?,"112,955백만원"
TRAIN_357,2024년도 성과계획서(총괄편),./train_source/2024년도 성과계획서(총괄편).pdf,방송통신위원회의 공정하고 안전한 방송인프라지원에 할당된 예산은 얼마인가?,"1,322백만원"
TRAIN_358,2024년도 성과계획서(총괄편),./train_source/2024년도 성과계획서(총괄편).pdf,방송통신위원회의 공정하고 안전한 방송통신 기반구축에 할당된 예산은 얼마인가?,"8,063백만원"
TRAIN_359,2024년도 성과계획서(총괄편),./train_source/2024년도 성과계획서(총괄편).pdf,공정거래위원회의 2024년도 성과지표 중에서 '자금세탁방지 제도의 FIU정보시스템 반영률'은 몇%인가?,92%
TRAIN_360,2024년도 성과계획서(총괄편),./train_source/2024년도 성과계획서(총괄편).pdf,"국민권익증진을 위해 반부패·청렴 정책을 강화하고, 현장중심의 행정을 펼치는 프로그램목표의 '24년 예산안은 얼마인가요?","54,928백만원 입니다."
TRAIN_361,2024년도 성과계획서(총괄편),./train_source/2024년도 성과계획서(총괄편).pdf,전략목표 중 원자력·방사선·핵비확산 분야의 기술적 역량 강화를 통한 안전한 원자력 이용 추구 및 국가 핵안보 체제 선진화 프로그램목표의 '24년 예산은 얼마인가?,41041백만원
TRAIN_362,2024년도 성과계획서(총괄편),./train_source/2024년도 성과계획서(총괄편).pdf,프로그램목표 Ⅱ-1의 자연문화재보호에 할당된 예산은 얼마인가요?,3961백만원
TRAIN_363,2024년도 성과계획서(총괄편),./train_source/2024년도 성과계획서(총괄편).pdf,프로그램목표 Ⅲ-1의 국립고궁박물관 조성운영에 할당된 예산은 얼마인가요?,21955백만원
TRAIN_364,2024년도 성과계획서(총괄편),./train_source/2024년도 성과계획서(총괄편).pdf,기상서비스 진흥을 위한 성과지표 중 '통합기상기후데이터 API 활용 건수'의 '24년 목표치는 얼마인가요?,572건
TRAIN_365,2024년도 성과계획서(총괄편),./train_source/2024년도 성과계획서(총괄편).pdf,기상기술 선진화를 위한 성과지표 중 '기상기후 국제기구 및 일반 국제협력교육홍보 관련기관 활동 전문가 재정'의 '24년 예산은 얼마인가요?,21명
TRAIN_366,2024년도 성과계획서(총괄편),./train_source/2024년도 성과계획서(총괄편).pdf,기후변화 과학정보 생산 및 서비스를 위한 성과지표 중 '기후변화 과학정보 생산 및 서비스'의 '24년 예산은 얼마인가요?,"11,176"
TRAIN_367,2024년도 성과계획서(총괄편),./train_source/2024년도 성과계획서(총괄편).pdf,기후대응기금을 위한 성과지표 중 '탄소중립기반 선진기상·지진 기술개발'의 '24년 예산은 얼마인가요?,"25,709"
TRAIN_368,2024년도 성과계획서(총괄편),./train_source/2024년도 성과계획서(총괄편).pdf,기상기후서비스의 활용·확산을 위한 성과지표 중 '항공기상관측'의 '24년 예산은 얼마인가요?,"7,048"
TRAIN_369,2024년도 성과계획서(총괄편),./train_source/2024년도 성과계획서(총괄편).pdf,전략목표의 효과적인 평가를 위해 필요한 조치는 무엇인가?,향후 개선 수준을 확인할 수 있도록 명확하게 설정되어야 한다.
TRAIN_370,2024년도 성과계획서(총괄편),./train_source/2024년도 성과계획서(총괄편).pdf,국민권익증진을 위한 반부패·청렴 정책 강화 및 현장중심의 행정을 펼치는 프로그램의 '24년 예산안은 얼마인가요?,"54,928백만원입니다."
TRAIN_371,2024년도 성과계획서(총괄편),./train_source/2024년도 성과계획서(총괄편).pdf,국내에서 성과주의 예산 제도가 언제부터 시행되기 시작했나요?,1999년부터
TRAIN_372,2024년도 성과계획서(총괄편),./train_source/2024년도 성과계획서(총괄편).pdf,성과목표관리제도가 본격적으로 시행된 연도는 언제인가요?,2003년
TRAIN_373,2024년도 성과계획서(총괄편),./train_source/2024년도 성과계획서(총괄편).pdf,국가재정법 시행으로 성과관리제도가 법제화된 연도는 언제인가요?,2007년
TRAIN_374,2024년도 성과계획서(총괄편),./train_source/2024년도 성과계획서(총괄편).pdf,성과계획서가 예산안과 기금운용계획안의 첨부서류로 제출되기 시작한 연도는 언제인가요?,2009년
TRAIN_375,2024년도 성과계획서(총괄편),./train_source/2024년도 성과계획서(총괄편).pdf,2022 회계연도부터 성과기반의 재정운용을 강화하기 위해 어떤 단위로 성과계획서가 작성되게 되었나요?,프로그램 단위
TRAIN_376,2024년도 성과계획서(총괄편),./train_source/2024년도 성과계획서(총괄편).pdf,2024 회계연도부터는 부처의 성과를 쉽게 파악할 수 있도록 어떤 원칙으로 성과지표가 설정되게 되었나요?,1 프로그램 1 지표 원칙
TRAIN_377,2024년도 성과계획서(총괄편),./train_source/2024년도 성과계획서(총괄편).pdf,2024년도 성과계획서에 따르면 중앙관서의 성과관리체계는 몇 개의 전략 목표와 프로그램목표로 구성되어 있나요?,"전략 목표 187개, 프로그램목표 475개로 구성되어 있습니다."
TRAIN_378,2024년도 성과계획서(총괄편),./train_source/2024년도 성과계획서(총괄편).pdf,대법원의 2024년 예산은 얼마인가?,"247,169백만원"
TRAIN_379,2024년도 성과계획서(총괄편),./train_source/2024년도 성과계획서(총괄편).pdf,재외동포청의 '24년 예산안은 얼마인가?,"84,569백만원"
TRAIN_380,2024년도 성과계획서(총괄편),./train_source/2024년도 성과계획서(총괄편).pdf,병무청의 '24년 예산안은 얼마인가?,"41,096백만원"
TRAIN_381,2024년도 성과계획서(총괄편),./train_source/2024년도 성과계획서(총괄편).pdf,국세청의 '24년 예산안은 얼마인가?,"237,018백만원"
TRAIN_382,2024년도 성과계획서(총괄편),./train_source/2024년도 성과계획서(총괄편).pdf,관세청의 '24년 예산안은 얼마인가?,"183,608백만원"
TRAIN_383,2024년도 성과계획서(총괄편),./train_source/2024년도 성과계획서(총괄편).pdf,통계청의 '24년 예산안은 얼마인가?,"250,826백만원"
TRAIN_384,2024년도 성과계획서(총괄편),./train_source/2024년도 성과계획서(총괄편).pdf,2024년도 성과계획서를 작성하는 과정에서 고려된 요소와 포함된 부처들은 무엇인가?,"성과목표체계 수립, 성과지표 목표치 설정 등이 고려되었으며, 포함된 부처들은 대통령비서실, 대통령경호처, 국회, 대법원, 헌법제판소, 중앙선거관리위원회, 민주평화통일자문회의, 감사원, 국무조정실 및 국무총리비서실, 기획재정부, 교육부, 과학기술정보통신부, 외교부, 통일부, 법무부, 국방부, 행정안전부, 국가보훈부, 문화체육관광부, 농림축산식품부, 산업통상자원부, 보건복지부, 환경부, 고용노동부, 여성가족부, 국토교통부, 해양수산부, 중소벤처기업부, 인사혁신처, 법제처, 식품의약품안전처, 고위공직자법위반수사처, 국가인권위원회, 국가교육위원회, 방송통신위원회, 공정거래위원회, 금융위원회, 국민권익위원회, 원자력안전위원회, 개인정보보호위원회, 국세청, 관세청, 조달청, 통계청, 재의동포청, 병무청, 방위사업청, 경찰청, 소방청, 문화재청, 농촌진흥청, 산림청, 특허청, 질병관리청, 기상청, 행정중심복합도시건설청, 새만금개발청, 해양경찰청, 5.18민주화운동진상규명조사위원회, 진실화해를위한과거사정리위원회 등이 포함되어 있다."
TRAIN_385,2024년도 성과계획서(총괄편),./train_source/2024년도 성과계획서(총괄편).pdf,"성과계획서는 어떤 목적으로 작성되며, 작성 시 어떤 요소들이 사전에 설정되고 관리되는가, 그리고 그 공개는 어떤 효과를 가져오는가?","성과계획서는 중앙관서 및 기금관리주체의 전략목표 및 성과목표를 달성하기 위한 연도별 시행계획을 작성하기 위해 사용되며, 작성 시 성과목표, 성과지표, 목표수준이 사전에 설정되고 관리된다. 각 부처 성과계획서의 공개를 통해 정부의 재정운용 성과에 대한 이해를 제고하고, 예산편성 활용 등을 통해 재정운용의 투명성과 책임성을 제고할 수 있다."
TRAIN_386,2024년도 성과계획서(총괄편),./train_source/2024년도 성과계획서(총괄편).pdf,"국가재정법 시행 이후 성과계획서 및 성과보고서, 재정사업 평가 등의 성과관리 주요내용과 성과계획서 및 성과보고서 작성에 대한 규정은 무엇인가?","① 성과목표관리: 재정사업에 대한 성과목표, 성과지표 등의 설정 및 그 달성을 위한 집행과정ㆍ결과의 관리 ② 성과평가: 재정사업의 계획 수립, 집행과정 및 결과 등에 대한 점검ㆍ분석ㆍ평가. 각 중앙관서의 장 및 기금관리주체는 재정사업 성과목표관리를 위하여 매년 예산 및 기금에 관한 성과목표ㆍ성과지표가 포함된 성과계획서 및 성과보고서를 작성하여야 한다."
TRAIN_387,2024년도 성과계획서(총괄편),./train_source/2024년도 성과계획서(총괄편).pdf,성과계획서 및 성과보고서 작성 시 성과목표와 성과지표 설정은 어떻게 이루어져야 하는가?,"성과목표는 기관의 임무 및 상위ㆍ하위 목표와 연계되어야 하며, 성과지표를 통하여 성과목표의 달성 여부를 측정할 수 있도록 구체적이고 결과지향적으로 설정되어야 한다. 성과지표는 명확하고 구체적으로 설정되어야 하며, 성과목표의 달성을 객관적으로 제때에 측정할 수 있어야 한다."
TRAIN_388,2024년도 성과계획서(총괄편),./train_source/2024년도 성과계획서(총괄편).pdf,"국내에서 성과주의 예산 제도가 언제부터 시행되었으며, 성과목표관리제도, 국가재정법 시행, 성과계획서 제출이 각각 언제 시작되었나요?","성과주의 예산 제도는 1999년부터 시행되었으며, 성과목표관리제도는 2003년, 국가재정법 시행으로 성과관리제도가 법제화된 것은 2007년, 성과계획서가 예산안과 기금운용계획안의 첨부서류로 제출된 것은 2009년부터입니다."
TRAIN_389,2024년도 성과계획서(총괄편),./train_source/2024년도 성과계획서(총괄편).pdf,"2022 회계연도부터 성과기반의 재정운용을 강화하기 위해 성과계획서가 어떤 단위로 작성되었으며, 2024 회계연도부터 성과지표 설정 원칙은 어떻게 변경되었나요?","2022 회계연도부터 성과계획서는 프로그램 단위로 작성되었으며, 2024 회계연도부터는 '1 프로그램 1 지표'를 원칙으로 성과지표가 설정되게 되었습니다."
TRAIN_390,2024년도 성과계획서(총괄편),./train_source/2024년도 성과계획서(총괄편).pdf,국가재정법에 따라 성과계획서를 작성해야 하는 대상기관은 누구인가요?,국가재정법에 따라 성과계획서를 작성해야 하는 대상기관은 국가재정법(제4장의2)에 따라 예산요구서를 제출하는 모든 중앙관서의 장과 기금관리주체입니다.
TRAIN_391,2024년도 성과계획서(총괄편),./train_source/2024년도 성과계획서(총괄편).pdf,"기획재정부는 매년 어떤 작업을 수행하여 중앙관서의 성과관리를 강화하고 있는가? 부처들은 성과계획서 작성을 어떻게 수행해야 하며, 성과목표를 수립할 때 고려해야 하는 요소는 무엇인가?","기획재정부는 매년 성과계획서 작성지침을 각 부처에 통보하여 각 부처의 성과계획서 작성 방법과 기준을 제시하고 있다. 부처들은 이 지침에 따라 해당 기관의 조직과 사업구조를 고려하여 성과 목표체계를 수립해야 하며, 목표달성에 영향을 줄 수 있는 법·제도·정책적 요인 및 외부요인을 분석하고 이를 관리·개선하기 위한 계획을 반영해야 한다."
TRAIN_392,2024년도 성과계획서(총괄편),./train_source/2024년도 성과계획서(총괄편).pdf,"성과계획서의 임무와 비전이 포함해야 하는 내용과, 성과관리를 통해 구현가능한 내용은 무엇인가?","성과계획서는 임무와 비전을 설정하는데, 재정정책이 해당 기관의 존재 목적과 주요 기능을 포괄하는 내용으로 설정되어야 한다. 성과관리를 통해 구현 가능한 내용은 비전을 달성하여 바람직한 미래상을 이루기 위해 조직 현황을 파악하고 성과를 향상시키기 위한 계획과 목표를 설정하는 것을 말한다."
TRAIN_393,2024년도 성과계획서(총괄편),./train_source/2024년도 성과계획서(총괄편).pdf,"국가 재정운용계획이 전략목표 설정에 어떻게 영향을 미치며, 전략목표 설정 시 고려해야 할 요소는 무엇인가?","국가 재정운용계획 또는 관계 법령에 의한 중ㆍ장기계획을 감안하여 설정되어야 하며, 국정 목표, 기관의 임무와 비전, 기관의 임무와 논리적 연계성을 고려해야 하며, 구체적인 내용으로 작성되어야 한다."
TRAIN_394,2024년도 성과계획서(총괄편),./train_source/2024년도 성과계획서(총괄편).pdf,"예산 프로그램과 성과관리 대상 프로그램은 원칙적으로 어떻게 일치해야 하며, 어떤 세부사업이 성과관리 대상에서 제외되는가?","원칙적으로 예산 체계상 모든 사업을 성과계획 목표체계에 포함하여 설정하되, 인건비, 기본행정경비 등 성과관리 실익이 작은 일부사업을 제외해야 한다. 성과관리 대상에서 제외되는 세부사업으로는 인건비, 기본경비, 정부내부거래, 보전지출, 교부금, 차입이자 상환, 예비비, 청사관리, 타부처 수행사업, 위원회·자문회의 운영, 출연금 사업 등이 있다. 또한, 국가연구개발사업 중 정부연구소 인건비, 출연(연) 운영지원 비목만으로 구성된 사업도 성과관리 대상에서 제외된다."
TRAIN_395,2024년도 성과계획서(총괄편),./train_source/2024년도 성과계획서(총괄편).pdf,"성과지표는 어떤 유형으로 분류되며, 정량적 측정여부에 따라 어떻게 구분되는가?","성과지표는 4가지 유형(투입ㆍ과정ㆍ산출ㆍ결과지표)으로 분류되며, 정량적 측정여부에 따라 정량ㆍ정성지표로 구분된다."
TRAIN_396,2024년도 성과계획서(총괄편),./train_source/2024년도 성과계획서(총괄편).pdf,재정정책에 대한 중장기 추진계획은 무엇을 고려하여 설정되어야 하는가?,"성과지표의 목표치는 중장기 추진계획, 유사 사업ㆍ국제수준과의 비교, 과거 추세치 등을 고려하여, 사업방식 개선 의지 등 적극적 업무 수행의 관점에서 도전적으로 설정"
TRAIN_397,2024년도 성과계획서(총괄편),./train_source/2024년도 성과계획서(총괄편).pdf,2024년도 중앙관서의 성과관리체계 구성과 전략 목표 및 프로그램목표의 변화에 대해 설명해주세요.,"2024년도 중앙관서의 성과관리체계는 전략 목표 187개, 프로그램목표 475개로 구성되어 있습니다. 2023년 대비 프로그램목표 수는 6개 증가하여 475개로 유지되었습니다."
TRAIN_398,2024년도 성과계획서(총괄편),./train_source/2024년도 성과계획서(총괄편).pdf,"2024년도 성과지표는 총 몇 개로 구성되어 있으며, 2023년 대비 몇 개 감소하였나요?","2024년도 성과지표는 총 507개로 구성되어 있으며, 2023년 대비 562개 감소하였습니다."
TRAIN_399,2024년도 성과계획서(총괄편),./train_source/2024년도 성과계획서(총괄편).pdf,성과지표의 성격에 따라 투입지표와 결과지표는 각각 몇 개로 구성되어 있나요?,"성과지표의 성격에 따라 투입지표는 21개, 결과지표는 355개로 구성되어 있습니다."
TRAIN_400,2024년도 성과계획서(총괄편),./train_source/2024년도 성과계획서(총괄편).pdf,성과지표의 측정여부에 따라 정량지표는 몇 개로 구성되어 있나요?,성과지표의 측정여부에 따라 정량지표는 375개로 구성되어 있습니다.
TRAIN_401,2024년도 성과계획서(총괄편),./train_source/2024년도 성과계획서(총괄편).pdf,대통령경호처 성과관리대상 사업의 총 예산은 얼마인가요?,"성과관리대상 사업의 총 예산은 1,416억원입니다. "
TRAIN_402,2024년도 성과계획서(총괄편),./train_source/2024년도 성과계획서(총괄편).pdf,2024년 예산안에서 국가보훈부의 국가유공자와 제대군인을 위한 주요 프로그램목표는 무엇인가요?,"프로그램목표 Ⅰ-1. 국가유공자의 희생과 공헌에 합당한 보상을 실시한다, 프로그램목표 Ⅱ-1. 국가유공자의 의료‧복지서비스 품질을 향상시킨다, 프로그램목표 Ⅲ-1. 국립묘지 안장 등 사망 시 예우를 확대하고, 독립(국가)유공자 발굴 등 독립운동 유산의 보존·활용을 강화한다, 프로그램목표 Ⅳ-1. 제대군인의 원활한 사회복귀를 지원하고 참전군인의 명예를 선양한다, 프로그램목표 Ⅴ-1. 국민 참여와 공감을 기반으로 하는 보훈선양 활동을 활성화한다"
TRAIN_403,2024년도 성과계획서(총괄편),./train_source/2024년도 성과계획서(총괄편).pdf,"중소벤처기업부 성과관리 대상 사업의 총 예산, R&D 예산, 인건비 예산, 차입이자 상환 예산, 보전지출 예산은 각각 얼마인가요?","총 예산은 275,246억원, R&D 예산은 12,397억원, 인건비 예산은 2,719억원, 차입이자 상환 예산은 47,272억원, 보전지출 예산은 37,197억원입니다."
TRAIN_404,2024년도 성과계획서(총괄편),./train_source/2024년도 성과계획서(총괄편).pdf,중소기업 및 벤처기업의 성장과 기술경쟁력을 제고하기 위해 어떤 프로그램이 운영되고 있는가?,중소기업 및 벤처기업의 성장을 지원하기 위해 '창업촉진 및 벤처육성을 통해 양질의 일자리를 창출한다'는 프로그램과 중소기업의 기술경쟁력을 제고하기 위해 '기술혁신 및 인력양성을 통해 중소기업의 기술경쟁력 및 신산업 대응력을 높인다'는 프로그램이 운영되고 있다.
TRAIN_405,2024년도 성과계획서(총괄편),./train_source/2024년도 성과계획서(총괄편).pdf,소상공인과 전통시장을 지원하기 위해 어떤 프로그램이 운영되고 있는가?,소상공인과 전통시장을 지원하기 위해 '소상공인육성 및 동반성장 문화 확산으로 자생적 생태계를 조성한다'는 프로그램이 운영되고 있다.
TRAIN_406,2024년도 성과계획서(총괄편),./train_source/2024년도 성과계획서(총괄편).pdf,"식품의약품안전처 재정현황에서 성과관리 대상 사업의 총 예산과 R&D 예산은 각각 얼마이며, 전체 예산 중 성과관리 대상 사업의 비율은 얼마인가요?","성과관리 대상 사업의 총 예산은 7,161억원이고, R&D 예산은 1,452억원입니다. 전체 예산 중 성과관리 대상 사업의 비율은 64%입니다."
TRAIN_407,2024년도 성과계획서(총괄편),./train_source/2024년도 성과계획서(총괄편).pdf,고위공직자범죄수사처 재정현황에서 성과관리 대상 사업의 총 계와 인건비는 각각 얼마인가요?,"성과관리 대상 사업의 총 계는 202억원이며, 인건비는 84억원입니다."
TRAIN_408,2024년도 성과계획서(총괄편),./train_source/2024년도 성과계획서(총괄편).pdf,국가인권위원회성과관리대상 사업의 재정현황에서 일반재정의 비율과 인건비의 비율은 각각 몇%인가?,"성과관리대상 사업의 재정현황에서 일반재정의 비율은 19.4%, 인건비의 비율은 44.6%입니다."
TRAIN_409,2024년도 성과계획서(총괄편),./train_source/2024년도 성과계획서(총괄편).pdf,"공정거래위원회의 '24년 예산과 성과관리 대상 사업의 비율, 내부거래 비율은 각각 얼마인가?","24년 예산은 7,503,417백만원이며, 성과관리 대상 사업의 비율은 36.8%, 내부거래 비율은 44%입니다."
TRAIN_410,2024년도 성과계획서(총괄편),./train_source/2024년도 성과계획서(총괄편).pdf,"국민권익위원회 재정현황에서 성과관리 대상 사업의 총계, 인건비, 기본경비는 각각 몇 억 원인가요?","총계는 1,116억 원, 인건비는 488억 원, 기본경비는 78억 원입니다."
TRAIN_411,2024년도 성과계획서(총괄편),./train_source/2024년도 성과계획서(총괄편).pdf,원자력안전위원회 재정현황에서 성과관리 대상 사업의 총계와 R&D 부문의 예산은 각각 얼마인가?,"성과관리 대상 사업의 총계는 1,911억원이며, R&D 부문의 예산은 410억원입니다."
TRAIN_412,2024년도 성과계획서(총괄편),./train_source/2024년도 성과계획서(총괄편).pdf,국세청의 성과관리대상 사업의 재정현황에서 세입확보를 위해 설정된 프로그램 목표와 관련 성과지표는 무엇인가요?,"안정적인 세입확보를 위해 '과세인프라를 확충하여 안정적으로 세입을 확보한다'는 프로그램 목표가 설정되었으며, 이 목표의 성과지표 중 하나로 '현금영수증 발급금액'이 있습니다."
TRAIN_413,2024년도 성과계획서(총괄편),./train_source/2024년도 성과계획서(총괄편).pdf,"재외동포청, 병무청, 국세청, 관세청, 통계청의 '24년 예산안은 각각 얼마인가?","재외동포청은 84,569백만원, 병무청은 41,096백만원, 국세청은 237,018백만원, 관세청은 183,608백만원, 통계청은 250,826백만원이다."
TRAIN_414,2024년도 성과계획서(총괄편),./train_source/2024년도 성과계획서(총괄편).pdf,국방력 건설을 위한 방위사업의 재정현황과 성과지표는 어떻게 되는가?,"방위사업의 재정현황은 전체 재정액이 12,706,264백만원이며, 세부 사업별로 예산이 분배되어 있습니다. 성과지표로는 '지휘정찰무기체계를 적기 전력화한다'의 성과지표는 '지휘정찰사업의 적기 일반 사업 완료율'로, 100%의 목표치를 가지고 있으며, '전략무기체계 핵심·원천기술 개발 및 방위산업 육성을 지원한다'의 성과지표는 '핵심기술 적용률'로, 목표치는 35.5%입니다. 또한, '유도무기체계를 적기 전력화한다'의 성과지표는 '유도무기사업의 적기 일반 사업 완료율'로, 97.1%의 목표치를 가지고 있습니다."
TRAIN_415,2024년도 성과계획서(총괄편),./train_source/2024년도 성과계획서(총괄편).pdf,"문화재청 전략목표 Ⅰ의 예산과 프로그램목표 Ⅱ-1의 자연문화재보호, 프로그램목표 Ⅲ-1의 국립고궁박물관 조성운영에 할당된 예산은 각각 얼마인가요?","전략목표 Ⅰ의 예산은 261,513백만원, 프로그램목표 Ⅱ-1의 자연문화재보호에 할당된 예산은 3,961백만원, 프로그램목표 Ⅲ-1의 국립고궁박물관 조성운영에 할당된 예산은 21,955백만원입니다."
TRAIN_416,2024년도 성과계획서(총괄편),./train_source/2024년도 성과계획서(총괄편).pdf,"기상청의 기상기술 선진화, 기후변화 과학정보 생산 및 서비스, 기후대응기금, 기상기후서비스의 활용·확산을 위한 성과지표 중 '24년 예산은 각각 얼마인가요?","기상청의 기상기술 선진화를 위한 성과지표 중 '기상기후 국제기구 및 일반 국제협력교육홍보 관련기관 활동 전문가 재정'의 '24년 예산은 21백만원, 기후변화 과학정보 생산 및 서비스를 위한 성과지표 중 '기후변화 과학정보 생산 및 서비스'의 '24년 예산은 11,176백만원, 기후대응기금을 위한 성과지표 중 '탄소중립기반 선진기상·지진 기술개발'의 '24년 예산은 25,709백만원, 기상기후서비스의 활용·확산을 위한 성과지표 중 '항공기상관측'의 '24년 예산은 7,048백만원입니다."
TRAIN_417,2024년도 성과계획서(총괄편),./train_source/2024년도 성과계획서(총괄편).pdf,새만금개발청 재정현황에서 '인건비'의 비중과 새만금개발청의 '프로그램목표 Ⅰ-1'의 예산은 각각 얼마인가요?,"인건비의 비중은 38.4%이며, 새만금개발청의 프로그램목표 Ⅰ-1의 예산은 10,689억원입니다."
TRAIN_418,2024년도 성과계획서(총괄편),./train_source/2024년도 성과계획서(총괄편).pdf,"해양경찰청의 '성과지표 수'와 '해양경찰역량강화' 프로그램의 예산은 각각 몇 개이며, 얼마인가요?","해양경찰청의 성과지표 수는 5개이며, 해양경찰역량강화 프로그램의 예산은 64,450백만원입니다."
TRAIN_419,2024년도 성과계획서(총괄편),./train_source/2024년도 성과계획서(총괄편).pdf,5·18민주화운동 진상규명조사위원회 성과지표에 대한 세부 내용은 무엇인가요?,"전략목표Ⅰ. ""계엄군 발포경위, 인권침해 및 암매장 의혹 등 총체적 진실을 규명""의 프로그램목표Ⅰ-1의 성과지표는 ""대정부 권고안"" 10건(건수)으로 정량적으로 산출됩니다."
TRAIN_420,2024년도 성과계획서(총괄편),./train_source/2024년도 성과계획서(총괄편).pdf,성과계획서는 어떤 목적을 위해 작성되는가?,성과계획서는 중앙관서 및 기금관리주체의 전략목표 및 성과목표를 달성하기 위한 연도별 시행계획을 작성하기 위해 사용된다.
TRAIN_421,2024년도 성과계획서(총괄편),./train_source/2024년도 성과계획서(총괄편).pdf,성과계획서 작성 시 어떤 요소들이 사전에 설정되고 관리되는가?,"성과계획서 작성 시 성과목표, 성과지표, 목표수준이 사전에 설정되고 관리된다."
TRAIN_422,2024년도 성과계획서(총괄편),./train_source/2024년도 성과계획서(총괄편).pdf,성과계획서의 공개는 어떤 효과를 가져오는가?,"각 부처 성과계획서의 공개를 통해 정부의 재정운용 성과에 대한 이해를 제고하고, 예산편성 활용 등을 통해 재정운용의 투명성과 책임성을 제고할 수 있다."
TRAIN_423,2024년도 성과계획서(총괄편),./train_source/2024년도 성과계획서(총괄편).pdf,"국가재정법 시행 이후 성과계획서 및 성과보고서, 재정사업 평가 등의 성과관리 주요내용이 규정되었는데, 이러한 성과관리의 주요 내용은 무엇인가?","① 성과목표관리: 재정사업에 대한 성과목표, 성과지표 등의 설정 및 그 달성을 위한 집행과정ㆍ결과의 관리 ② 성과평가: 재정사업의 계획 수립, 집행과정 및 결과 등에 대한 점검ㆍ분석ㆍ평가"
TRAIN_424,2024년도 성과계획서(총괄편),./train_source/2024년도 성과계획서(총괄편).pdf,성과계획서 및 성과보고서의 작성에 대한 규정은 무엇인가?,각 중앙관서의 장 및 기금관리주체는 재정사업 성과목표관리를 위하여 매년 예산 및 기금에 관한 성과목표ㆍ성과지표가 포함된 성과계획서 및 성과보고서를 작성하여야 한다.
TRAIN_425,2024년도 성과계획서(총괄편),./train_source/2024년도 성과계획서(총괄편).pdf,성과목표관리를 위한 성과계획서 및 성과보고서 작성 시 어떤 사항이 포함되어야 하는가?,"성과목표는 기관의 임무 및 상위ㆍ하위 목표와 연계되어야 하며, 성과지표를 통하여 성과목표의 달성 여부를 측정할 수 있도록 구체적이고 결과지향적으로 설정되어야 한다."
TRAIN_426,2024년도 성과계획서(총괄편),./train_source/2024년도 성과계획서(총괄편).pdf,성과계획서 및 성과보고서 작성 시 성과지표는 어떻게 설정되어야 하는가?,"성과지표는 명확하고 구체적으로 설정되어야 하며, 성과목표의 달성을 객관적으로 제때에 측정할 수 있어야 한다."
TRAIN_427,2024년도 성과계획서(총괄편),./train_source/2024년도 성과계획서(총괄편).pdf,성과계획서 및 성과보고서 작성 시 어떤 노력이 필요한가?,"각 중앙관서의 장 및 기금관리주체는 제33조에 따른 예산안, 제35조에 따른 수정예산안, 제68조제1항에 따른 기금운용계획안, 제70조제2항에 따른 기금운용계획변경안 및 제89조제1항에 따른 추가경정예산안과 그에 따라 작성된 성과계획서의 사업내용 및 사업비 등이 각각 일치되도록 노력하여야 한다."
TRAIN_428,2024년도 성과계획서(총괄편),./train_source/2024년도 성과계획서(총괄편).pdf,국가재정법에 따라 성과계획서를 작성해야 하는 대상기관은 누구인가요?,국가재정법에 따라 성과계획서를 작성해야 하는 대상기관은 국가재정법(제4장의2)에 따라 예산요구서를 제출하는 모든 중앙관서의 장과 기금관리주체입니다.
TRAIN_429,2024년도 성과계획서(총괄편),./train_source/2024년도 성과계획서(총괄편).pdf,기획재정부는 매년 어떤 작업을 수행하여 중앙관서의 성과관리를 강화하고 있는가?,매년 성과계획서 작성지침을 각 부처에 통보하여 각 부처의 성과계획서 작성 방법과 기준을 제시하고 있다.
TRAIN_430,2024년도 성과계획서(총괄편),./train_source/2024년도 성과계획서(총괄편).pdf,부처들은 성과계획서 작성을 어떻게 수행해야 하는가?,성과계획서 작성지침에 따라 해당 기관의 조직과 사업구조를 고려하여 성과 목표체계를 수립해야 한다.
TRAIN_431,2024년도 성과계획서(총괄편),./train_source/2024년도 성과계획서(총괄편).pdf,성과목표를 수립할 때 고려해야 하는 요소는 무엇인가?,목표달성에 영향을 줄 수 있는 법·제도·정책적 요인 및 외부요인을 분석하고 이를 관리·개선하기 위한 계획을 반영해야 한다.
TRAIN_432,2024년도 성과계획서(총괄편),./train_source/2024년도 성과계획서(총괄편).pdf,재정정책이 성과계획서에 어떻게 반영되는가?,"성과계획서는 임무와 비전을 설정하는데, 재정정책이 해당 기관의 존재 목적과 주요 기능을 포괄하는 내용으로 설정되어야 한다."
TRAIN_433,2024년도 성과계획서(총괄편),./train_source/2024년도 성과계획서(총괄편).pdf,성과관리를 통해 구현 가능한 내용이란 무엇을 의미하는가?,성과관리를 통해 구현 가능한 내용은 비전을 달성하여 바람직한 미래상을 이루기 위해 조직 현황을 파악하고 성과를 향상시키기 위한 계획과 목표를 설정하는 것을 말한다.
TRAIN_434,2024년도 성과계획서(총괄편),./train_source/2024년도 성과계획서(총괄편).pdf,국가재정운용계획이 전략목표 설정에 어떻게 영향을 미치는가?,국가 재정운용계획 또는 관계 법령에 의한 중ㆍ장기계획을 감안하여 설정되어야 한다.
TRAIN_435,2024년도 성과계획서(총괄편),./train_source/2024년도 성과계획서(총괄편).pdf,전략목표의 설정 시 어떤 요소들을 고려해야 하는가?,"국정 목표, 기관의 임무와 비전, 기관의 임무와 논리적 연계성을 고려해야 하며, 구체적인 내용으로 작성되어야 한다."
TRAIN_436,2024년도 성과계획서(총괄편),./train_source/2024년도 성과계획서(총괄편).pdf,전략목표의 효과적인 평가를 위해 어떤 조치가 필요한가?,향후 개선 수준을 확인할 수 있도록 명확하게 설정되어야 한다.
TRAIN_437,2024년도 성과계획서(총괄편),./train_source/2024년도 성과계획서(총괄편).pdf,예산 프로그램과 성과관리 대상프로그램은 원칙적으로 어떻게 설정해야 하는가?,"원칙적으로 예산 체계상 모든 사업을 성과계획 목표체계에 포함하여 설정하되, 인건비, 기본행정경비 등 성과관리 실익이 작은 일부사업을 제외해야 한다."
TRAIN_438,2024년도 성과계획서(총괄편),./train_source/2024년도 성과계획서(총괄편).pdf,어떤 세부사업이 성과관리 대상에서 제외되는가?,"인건비, 기본경비, 정부내부거래, 보전지출, 교부금, 차입이자 상환, 예비비, 청사관리, 타부처 수행사업, 위원회·자문회의 운영, 출연금 사업 등이 성과관리 대상에서 제외된다."
TRAIN_439,2024년도 성과계획서(총괄편),./train_source/2024년도 성과계획서(총괄편).pdf,국가연구개발사업 중 어떤 경우 성과관리 대상에서 제외되는가?,"정부연구소 인건비, 출연(연) 운영지원 비목만으로 구성된 사업이 성과관리 대상에서 제외된다."
TRAIN_440,2024년도 성과계획서(총괄편),./train_source/2024년도 성과계획서(총괄편).pdf,2024년에 예산이 증가하는 부처와 감소하는 부처의 차이는 무엇인가?,"2024년에는 국세청과 관세청 등의 부처에서 예산이 증가하는 반면, 외교부와 통일부 등에서는 예산이 감소할 것으로 예상된다."
TRAIN_441,2024년도 성과계획서(총괄편),./train_source/2024년도 성과계획서(총괄편).pdf,"'헌법재판소운영지원' 사업의 예산은 얼마이며, 이 사업은 어떤 회계구분에 속하는가?","헌법재판소운영지원' 사업의 예산은 4,624억원이며, 이 사업은 일반회계에 속한다."
TRAIN_442,2024년도 성과계획서(총괄편),./train_source/2024년도 성과계획서(총괄편).pdf,중소기업 및 벤처기업의 성장을 지원하기 위해 어떤 프로그램이 운영되고 있는가?,중소기업및벤처기업의 성장을 지원하기 위해 '창업촉진 및 벤처육성을 통해 일자리 창출'는 프로그램이 운영되고 있다.
TRAIN_443,2024년도 성과계획서(총괄편),./train_source/2024년도 성과계획서(총괄편).pdf,중소기업의 기술경쟁력을 제고하기 위해 어떤 프로그램이 운영되고 있는가?,중소기업의 기술경쟁력을 제고하기 위해 '기술혁신 및 인력양성을 통해 중소기업의 기술경쟁력 및 신산업 대응'는 프로그램이 운영되고 있다.
TRAIN_444,2024년도 성과계획서(총괄편),./train_source/2024년도 성과계획서(총괄편).pdf,정부입법 관리를 강화하고 법제지원을 확대하기 위해 어떤 프로그램이 운영되고 있는가?,정부입법 관리를 강화하고 법제지원을 확대하기 위해 '정부입법 관리를 강화하고 법제지원을 확대함으로써 국민이 체감하는 국정성과 창출에 기여한다'는 프로그램이 운영되고 있다.
TRAIN_445,2024년도 성과계획서(총괄편),./train_source/2024년도 성과계획서(총괄편).pdf,'24년 예산안에서 전략목표 Ⅰ. 고위공직자 범죄를 근절하여 공직사회의 투명성과 신뢰성을 제고한다.'의 예산은 얼마인가요?,"24년 예산안에서 전략목표 Ⅰ. 고위공직자 범죄를 근절하여 공직사회의 투명성과 신뢰성을 제고한다.'의 예산은 7,454억원입니다."
TRAIN_446,2024년도 성과계획서(총괄편),./train_source/2024년도 성과계획서(총괄편).pdf,국세청의 성과관리대상 사업의 재정현황에서 어떤 성과지표가 '현금영수증 발급금액'을 측정하고 있나요?,'현금영수증 발급금액'은 '과세인프라를 확충하여 안정적으로 세입을 확보한다'는 프로그램 목표의 성과지표 중 하나입니다.
TRAIN_447,2024년도 성과계획서(총괄편),./train_source/2024년도 성과계획서(총괄편).pdf,국방력 건설을 위한 방위사업의 성과지표 중 '지휘정찰무기체계를 적기 전력화한다'의 성과지표는 무엇인가?,"지휘정찰무기체계를 적기 전력화한다는 성과지표는 '지휘정찰사업의 적기 일반 사업 완료율'로, 100%의 목표치를 가지고 있음."
TRAIN_448,2024년도 성과계획서(총괄편),./train_source/2024년도 성과계획서(총괄편).pdf,국방산업 육성을 위한 방위사업의 성과지표 중 '전략무기체계 핵심·원천기술 개발 및 방위산업 육성을 지원한다'의 성과지표는 무엇인가?,"전략무기체계 핵심·원천기술 개발 및 방위산업 육성을 지원한다는 성과지표는 '핵심기술 적용률'로, 목표치는 35.5%이다."
TRAIN_449,2024년도 성과계획서(총괄편),./train_source/2024년도 성과계획서(총괄편).pdf,국방사업의 성과지표 중 '유도무기체계를 적기 전력화한다'의 성과지표는 어떤 내용을 담고 있는가?,"유도무기체계를 적기 전력화한다는 성과지표는 '유도무기사업의 적기 일반 사업 완료율'로, 97.1%의 목표치를 가지고 있음."
TRAIN_450,「FIS 이슈 & 포커스」 23-3호 《조세지출 연계관리》,./train_source/「FIS 이슈 & 포커스」 23-3호 《조세지출 연계관리》.pdf,조세지출이란 무엇을 의미하는가?,조세지출이란 '일반적인 조세체계에서 벗어난 조세특례에 의하여 납세자에 대한 재정지원을 목적으로 발생하는 국가 세입의 감소'를 의미한다.
TRAIN_451,「FIS 이슈 & 포커스」 23-3호 《조세지출 연계관리》,./train_source/「FIS 이슈 & 포커스」 23-3호 《조세지출 연계관리》.pdf,지방재정조정제도의 목적은 무엇인가?,지방재정조정제도의 목적은 지방정부가 본연의 기능을 수행하고 국가 균형발전이 가능하도록 지방 간 산업이나 경제 기반의 차이에 따른 재정 불균형을 완화하는 것이다.
TRAIN_452,「FIS 이슈 & 포커스」 23-3호 《조세지출 연계관리》,./train_source/「FIS 이슈 & 포커스」 23-3호 《조세지출 연계관리》.pdf,중앙-지방 간 재정조정제도에서 어떤 재원을 이전하여 수직적 재정 불균형을 해소하는가?,"중앙-지방 간 재정조정제도에서는 지방교부세, 국고보조금, 조정교부금 등의 재원을 이전하여 수직적 재정 불균형을 해소한다."
TRAIN_453,「FIS 이슈 & 포커스」 23-3호 《조세지출 연계관리》,./train_source/「FIS 이슈 & 포커스」 23-3호 《조세지출 연계관리》.pdf,지방교부세와 국고보조금의 차이는 무엇인가요?,"지방교부세는 재정 불균형을 완화하기 위한 것이며, 국고보조금은 국가적 이해관계나 중앙정부와 지방자치단체 간 상호 이해관계를 갖는 사업을 효율적으로 수행하기 위한 것입니다."
TRAIN_454,「FIS 이슈 & 포커스」 23-3호 《조세지출 연계관리》,./train_source/「FIS 이슈 & 포커스」 23-3호 《조세지출 연계관리》.pdf,"2022년 지방자치단체의 세입예산은 어떻게 구성되어 있으며, 이전수입이 어떤 비율을 차지하는가?","2022년 지방자치단체의 세입예산은 자체수입이 46.1%, 이전수입이 45.7%를 차지하며, 중앙정부의 이전 재원으로 구성된 이전수입은 자체수입 비율과 비슷한 수준을 보인다."
TRAIN_455,「FIS 이슈 & 포커스」 23-3호 《조세지출 연계관리》,./train_source/「FIS 이슈 & 포커스」 23-3호 《조세지출 연계관리》.pdf,보통교부세의 법정률은 어떻게 변화해왔는가?,"보통교부세의 법정률은 초기 13.27%에서 2000년 15%, 2005년부터 19.13%, 2006년부터 내국세의 19.24% 수준으로 증가해왔다."
TRAIN_456,「FIS 이슈 & 포커스」 23-3호 《조세지출 연계관리》,./train_source/「FIS 이슈 & 포커스」 23-3호 《조세지출 연계관리》.pdf,지방교부세의 법정률은 현재 어떤 수준으로 유지되고 있는가?,지방교부세의 법정률은 2006년 인상 이후 변동 없이 현재와 같이 19.24%로 유지되고 있다.
TRAIN_457,「FIS 이슈 & 포커스」 23-3호 《조세지출 연계관리》,./train_source/「FIS 이슈 & 포커스」 23-3호 《조세지출 연계관리》.pdf,"조세지출예산서의 제출 시기, 목적, 법적 근거 및 도입 배경은 무엇인가?","조세지출예산서는 정부가 국회에 다음 연도 예산안을 제출할 때 부수서류로 제출되며, 재원배분의 효율성 및 재정운영의 투명성을 제고하기 위한 목적으로 제출된다. 법적 근거는 「조세특례제한법」 제142조의2, 「국가재정법」 제9조 및 제34조에 근거하며, 1996년 OECD 가입을 계기로 도입되어 정부 재정의 투명성을 제고하고 국가 재원을 보다 효율적으로 운용하기 위해 도입된 제도이다."
TRAIN_458,「FIS 이슈 & 포커스」 23-3호 《조세지출 연계관리》,./train_source/「FIS 이슈 & 포커스」 23-3호 《조세지출 연계관리》.pdf,"조세지출예산서는 무엇을 분석하고 집계하는 자료이며, 조세지출은 어떤 법과 유형에 따라 어떻게 구분되는가?","조세지출예산서는 조세지출(국세 감면)의 3개 연도 실적 및 전망을 항목·기능별로 집계·분석한 자료이다. 조세지출은 「조세특례제한법」, 개별세법, 그리고 경과조치에 따른 조세지출로 구분된다."
TRAIN_459,「FIS 이슈 & 포커스」 23-3호 《조세지출 연계관리》,./train_source/「FIS 이슈 & 포커스」 23-3호 《조세지출 연계관리》.pdf,"조세특례제한법에 따른 조세지출과 개별세법상 조세지출은 각각 어떤 내용을 포함하며, 어떤 기준으로 판단되는가?","조세특례제한법에 따른 조세지출은 조세특례에 따른 재정지원을 의미하며, 모든 비과세·감면 제도가 원칙적으로 포함된다. 개별세법상 조세지출은 기준조세체계에 해당하지 않고, 조세지출의 특성을 갖춘 경우 개별 조항의 입법 취지·연혁·필요적 경비 여부 등을 감안해 판단된다."
TRAIN_460,「FIS 이슈 & 포커스」 23-3호 《조세지출 연계관리》,./train_source/「FIS 이슈 & 포커스」 23-3호 《조세지출 연계관리》.pdf,"조세지출 기본계획의 목적과 원칙은 무엇이며, 조세지출 성과관리체계에는 어떤 구분이 있으며 각각 어떤 내용을 다루는가?","조세지출 기본계획은 국세감면 제한 및 조세지출의 성과 제고를 위한 수단으로, 당해 연도 국세감면율이 직전 3개년 평균 감면율 +0.5%p 이하가 되도록 노력해야 합니다. 조세지출 성과관리체계는 예비타당성평가, 심층평가, 부처 자율평가로 구분되며, 예비타당성평가는 조세특례 신설·변경 시 필요성·적시성·기대효과·예상 문제점 등을 평가하고, 심층평가는 연간 감면액 300억원 이상인 일몰 도래 조세특례의 다양한 측면을 평가하며, 부처자율평가는 일몰기한이 도래하는 조세특례 등에 대해 부처에서 자율적으로 평가한 결과를 기재부 장관에게 제출하는 것입니다."
TRAIN_461,「FIS 이슈 & 포커스」 23-3호 《조세지출 연계관리》,./train_source/「FIS 이슈 & 포커스」 23-3호 《조세지출 연계관리》.pdf,"조세지출이란 무엇이며, 조세지출 예산서는 무엇을 포함하고 있는가?","조세지출이란 '일반적인 조세체계에서 벗어난 조세특례에 의하여 납세자에 대한 재정지원을 목적으로 발생하는 국가 세입의 감소'를 의미하며, 조세지출 예산서는 조세특례제한법과 개별 세법상의 비과세, 세액공제·감면, 소득공제 등 조세지출(국세 감면)의 3개 연도 실적 및 전망을 항목·기능별로 집계·분석한 자료를 포함하고 있다."
TRAIN_462,「FIS 이슈 & 포커스」 22-3호 《재정융자사업》,./train_source/「FIS 이슈 & 포커스」 22-3호 《재정융자사업》.pdf,"재정융자사업은 무엇을 의미하며, 어떤 장점을 가지고 있는가?","재정융자사업은 정부가 자금을 민간의 사적 경제주체에 대해 대출해 주고 회수하는 활동을 말하며, 민간 금융의 역할이 미약하거나 부족한 부분에 직접 자금을 공급할 수 있는 장점이 있습니다."
TRAIN_463,「FIS 이슈 & 포커스」 22-3호 《재정융자사업》,./train_source/「FIS 이슈 & 포커스」 22-3호 《재정융자사업》.pdf,재정융자사업은 어떤 역할을 하는가?,"재정융자사업은 시장금리보다 낮은 이자율로 지원되어 자금 부족 현상을 완화해 주며, 자금 조달이 어려운 스타트업·중소기업, 담보 능력이 낮은 저소득층 등을 지원합니다."
TRAIN_464,「FIS 이슈 & 포커스」 22-3호 《재정융자사업》,./train_source/「FIS 이슈 & 포커스」 22-3호 《재정융자사업》.pdf,재정융자제도는 어떻게 운영되고 있나요?,"2022년 기준으로 개별 특별회계와 기금 중심의 재정융자제도를 운영하고 있으며, 2022년 현재 3개 특별회계와 29개 기금에서 융자 운영 중입니다."
TRAIN_465,「FIS 이슈 & 포커스」 22-3호 《재정융자사업》,./train_source/「FIS 이슈 & 포커스」 22-3호 《재정융자사업》.pdf,정부가 수행하는 다양한 재정융자사업에는 어떤 것들이 있나요?,"정부는 공공 임대주택, 중소기업 경영안정지원 등 다양한 재정융자사업을 수행하고 있다."
TRAIN_466,「FIS 이슈 & 포커스」 22-3호 《재정융자사업》,./train_source/「FIS 이슈 & 포커스」 22-3호 《재정융자사업》.pdf,재정융자를 위한 특별회계 제도는 어떻게 변화되었는가?,2007년부터 재정융자를 위한 특별회계 제도는 공공자금관리기금에 흡수·통합되었다.
TRAIN_467,「FIS 이슈 & 포커스」 22-3호 《재정융자사업》,./train_source/「FIS 이슈 & 포커스」 22-3호 《재정융자사업》.pdf,재정융자사업이 시기별로 어떤 목적으로 운영되었는가?,"1950년대 전후 복구 및 경제 안정, 1960년대 경제개발계획의 실현, 1970년대 중화학공업화, 1980년대 경제안정화 등 각 시기별로 주요 정책 목적을 달성하기 위해 운영되었다."
TRAIN_468,「FIS 이슈 & 포커스」 22-3호 《재정융자사업》,./train_source/「FIS 이슈 & 포커스」 22-3호 《재정융자사업》.pdf,"2023년 예산안을 기준으로 재정융자 규모는 얼마이며, 총지출 대비 어느 정도를 차지하나요?","2023년도 예산안 기준 17개의 부처가 50개 사업을 통해 총 41.8조원 규모의 융자사업을 수행하고 있으며, 총지출 대비 6.6%를 차지합니다."
TRAIN_469,「FIS 이슈 & 포커스」 22-3호 《재정융자사업》,./train_source/「FIS 이슈 & 포커스」 22-3호 《재정융자사업》.pdf,2023년 예산안을 기준으로 주택도시기금의 재정융자사업이 전체 융자사업의 어느 정도를 차지하나요?,"2023년 예산안에서 주택도시기금의 재정융자사업이 24조 3,796억원으로 전체 융자사업의 절반 이상(58.3%)을 차지합니다."
TRAIN_470,「FIS 이슈 & 포커스」 22-3호 《재정융자사업》,./train_source/「FIS 이슈 & 포커스」 22-3호 《재정융자사업》.pdf,"2023년 예산안 기준 가장 큰 융자지출 규모는 어느 분야이며, 비중은 얼마인가?","사회복지 분야로 26조 8,963억원이며, 비중은 64.3%이다."
TRAIN_471,「FIS 이슈 & 포커스」 22-3호 《재정융자사업》,./train_source/「FIS 이슈 & 포커스」 22-3호 《재정융자사업》.pdf,"2023년에 융자 규모가 두 번째로 큰 분야는 무엇이며, 어떤 규모를 가지고 있으며, 전체 융자 규모 중 차지하는 비중은 얼마인가?","산업·중소기업및에너지 분야로 8조 4,737억원 규모이며, 전체 융자 규모 중 20.3%를 차지한다."
TRAIN_472,「FIS 이슈 & 포커스」 22-3호 《재정융자사업》,./train_source/「FIS 이슈 & 포커스」 22-3호 《재정융자사업》.pdf,"2022년 기후대응기금의 규모는 얼마이며, 어떤 목표를 위해 설립되었는가?","2022년 기후대응기금은 총 2.4조원 규모로, 2050 탄소중립 실현을 위해 4대 핵심 분야에 중점 지원하기 위해 설립되었다."
TRAIN_473,「FIS 이슈 & 포커스」 22-3호 《재정융자사업》,./train_source/「FIS 이슈 & 포커스」 22-3호 《재정융자사업》.pdf,정부는 어떤 방식으로 국민에게 국가재정 현황을 투명하게 공개하고 있는가?,"정부는 현재 ‘열린재정’ 포털을 통해 예산, 결산 등 재정 전 과정에 걸친 각종 재정정보를 제공하여 국민에게 국가재정 현황을 투명하게 공개하고 있다."
TRAIN_474,「FIS 이슈 & 포커스」 22-3호 《재정융자사업》,./train_source/「FIS 이슈 & 포커스」 22-3호 《재정융자사업》.pdf,재정융자 정보의 투명성을 강화하기 위해 어떠한 개선이 이루어지고 있는가?,2022년부터 재정정보공개시스템 열린재정 개편으로 융자 수혜 정보를 검색할 수 있도록 기능이 강화되었다.
TRAIN_475,「FIS 이슈 & 포커스」 22-3호 《재정융자사업》,./train_source/「FIS 이슈 & 포커스」 22-3호 《재정융자사업》.pdf,재정융자사업의 개념과 현재 운영되고 있는 재정융자제도에 대해 설명해주세요.,"재정융자사업은 민간부문의 경제활동 역량을 강화하거나 지원하는 실효성 있는 강력한 정부 활동에 해당하며, 재정융자는 정부가 민간의 사적 경제주체에 대해 금융적 성격으로 대출해 주는 것을 의미합니다. 현재는 개별 특별회계와 기금 중심의 재정융자제도를 운영하고 있으며, 2022년 현재 3개 특별회계와 29개 기금에서 융자 운영 중입니다."
TRAIN_476,「FIS 이슈 & 포커스」 22-3호 《재정융자사업》,./train_source/「FIS 이슈 & 포커스」 22-3호 《재정융자사업》.pdf,재정융자제도의 현재 운영 방식과 정부가 수행하는 재정융자사업의 예시는 무엇인가요?,"현재는 개별 특별회계와 기금 중심으로 재정융자제도를 운영하고 있으며, 정부는 공공 임대주택, 중소기업 경영안정지원 등 다양한 재정융자사업을 수행하고 있습니다."
TRAIN_477,「FIS 이슈 & 포커스」 22-3호 《재정융자사업》,./train_source/「FIS 이슈 & 포커스」 22-3호 《재정융자사업》.pdf,재정융자의 성격과 국민경제에 미치는 영향은 무엇인가요?,"재정융자는 융자금 회수와 순융자 성격을 가지며, 금융시장에서 금융상품을 거래하는 방식으로 정부의 수입과 지출활동이 수행됩니다. 이는 국민경제에 큰 영향을 미치는 활동으로, 투자 역할, 경기조절 역할, 금리 지원 등 다양한 역할을 수행합니다."
TRAIN_478,「FIS 이슈 & 포커스」 22-3호 《재정융자사업》,./train_source/「FIS 이슈 & 포커스」 22-3호 《재정융자사업》.pdf,총수입·총지출 개념을 활용하기 시작한 연도와 그 목적은 무엇인가?,"총수입·총지출 개념은 2004년부터 활용되기 시작하였으며, 실질적인 예산 편성 및 재원 배분의 기준으로 활용된다."
TRAIN_479,월간 나라재정 2023년 12월호,./train_source/월간 나라재정 2023년 12월호.pdf,슬로바키아의 재정 투명성 개선을 위해 IMF가 어떤 권고를 하고 있나요?,"IMF는 세금 지출에 대한 전략적 검토와 외부 감사의 강화, 다년간 지출 상한제 도입, 중기예산계획을 위한 제도 개선 등을 권고하고 있습니다."
TRAIN_480,월간 나라재정 2023년 12월호,./train_source/월간 나라재정 2023년 12월호.pdf,1957년도 재정안정계획은 종전의 안정화 시도들과 어떻게 다른 측면을 갖고 있었는가?,"이 계획은 종전에 시행되었던 안정화 시도들이 해방 이후의 비상상황과 6·25전쟁이라는 비상상황에서의 임시적 대응 차원이었던 것과는 달리, 전후 새로운 질서 구축이라는 필요성에 부응하기 위한 일상 상황을 전제로 한 ‘최초의 종합적인 재정금융안정계획’이었다는 점에서 그 의의가 앞의 것들과는 차원을 달리한다고 볼 수 있다."
TRAIN_481,월간 나라재정 2023년 12월호,./train_source/월간 나라재정 2023년 12월호.pdf,국고보조사업에서 재정사업에 전제된 기본 조건이 정상 작동하는지 확인해야 하는 이유는 무엇인가?,재정지출은 증대됐지만 각종 사회 경제적 문제가 해결되지 않았다면 확인해야 한다.
TRAIN_482,월간 나라재정 2023년 12월호,./train_source/월간 나라재정 2023년 12월호.pdf,가축방역 대응 지원 사업의 예산은 전년 대비 어떻게 변화했나요?,가축방역 대응 지원 사업의 예산은 전년 대비 7.7% 감소한 규모로 994.6억원이 편성되었습니다.
TRAIN_483,월간 나라재정 2023년 12월호,./train_source/월간 나라재정 2023년 12월호.pdf,재정 정책에서 공론화가 선행되어야 하는 이유는 무엇인가?,충분한 논거를 마련하여 공론화가 선행되어야 하는 이유는 과제의 구성을 조정하기 위해 충분한 논의가 필요하기 때문이다.
TRAIN_484,월간 나라재정 2023년 12월호,./train_source/월간 나라재정 2023년 12월호.pdf,"사회부조의 규모, 대상, 내용 등이 사전에 명확하게 규정되지 않으면 민간사업자에게 계약으로 위탁하기 어려운 이유는 무엇인가?","사회부조의 규모, 대상, 내용 등이 사전에 명확하게 규정되지 않으면 민간사업자에게 계약으로 위탁하기 어려운 이유는 정부의 정치적 영향에 따라 사회부조가 수시로 변동할 수 있기 때문에 민간사업자가 장래의 수지를 예측하고 사업의 수탁 여부를 판단하기 어렵기 때문입니다."
TRAIN_485,월간 나라재정 2023년 12월호,./train_source/월간 나라재정 2023년 12월호.pdf,2022년 R&D 예산은 최근 10년간 어떤 변화를 보였는가?,R&D 예산은 2012년 16조원에서 2022년 29.8조원으로 10년 사이에 13조원이 대폭 증가하였다.
TRAIN_486,월간 나라재정 2023년 12월호,./train_source/월간 나라재정 2023년 12월호.pdf,"지난 10년간(2010~2021년)의 세외수입은 GDP 대비 어떻게 변화하였으며, 이에 대한 어떤 분석이 제시되었는가?","지난 10년간(2010~2021년)의 세외수입은 GDP 대비 1.4%포인트 감소하였으며, 세입 증가와 비교하여 정부의 수입이 소폭 증가한 것으로 분석되었다."
TRAIN_487,월간 나라재정 2023년 12월호,./train_source/월간 나라재정 2023년 12월호.pdf,IMF는 슬로바키아의 재정 투명성을 어떻게 평가하고 있나요?,"IMF는 슬로바키아가 재정 공개, 예산 편성 및 위험 관리 측면에서 대부분 IMF의 재정 투명성 규약(Fiscal Transparency Code)의 우수 사례에 부합한다고 평가하고 있습니다."
TRAIN_488,월간 나라재정 2023년 12월호,./train_source/월간 나라재정 2023년 12월호.pdf,1950년에 수립된 '경제안정 15원칙'은 어떤 목표를 가지고 있었나?,'경제안정 15원칙'은 인플레이션을 수습하고 재정균형과 금융건전성을 제고하기 위한 목적을 가지고 있었다.
TRAIN_489,월간 나라재정 2023년 12월호,./train_source/월간 나라재정 2023년 12월호.pdf,"미국의 잠정 예산안 적용 기간은 어떻게 되며, 이후의 상황은 어떻게 전개될 수 있는가?","잠정 예산안의 적용 기간은 11월 17일까지이며, 그 이전까지 후속 예산안이 의회를 통과하지 못할 경우 연방정부 셧다운이 발생할 수 있다."
TRAIN_490,월간 나라재정 2023년 12월호,./train_source/월간 나라재정 2023년 12월호.pdf,관리재정수지는 어떻게 정의되는가요?,관리재정수지는 통합재정수지에서 사회보장성기금수지를 차감하여 산출된 재정 흑자 또는 적자를 의미합니다.
TRAIN_491,월간 나라재정 2023년 12월호,./train_source/월간 나라재정 2023년 12월호.pdf,자치단체 보조금과 민간보조금은 각각 어떤 비율로 증가했는가?,"자치단체 보조금은 2019년 대비 2022년에 35% 증가하였고, 민간보조금은 10.9% 증가하였다."
TRAIN_492,월간 나라재정 2023년 12월호,./train_source/월간 나라재정 2023년 12월호.pdf,한국의 재정금융안정계획이 주로 어떤 목표에 초점을 맞추어 있었는가?,"한국의 재정금융안정계획은 통화량 조절과 물가안정이라는 단기적 목표에 초점을 맞추어 있었으며, 경제적 기반 구축보다는 양적인 안정을 추진하는 과정에서 주로 현상적인 안정을 추구했다고 언급하고 있다."
TRAIN_493,월간 나라재정 2023년 12월호,./train_source/월간 나라재정 2023년 12월호.pdf,1952년에 체결된 '한미경제조정협정'은 어떤 문제를 해결하기 위해 체결되었는가?,"원조물자 판매대금의 효과적 활용, 참전유엔군 경비지출을 위해 우리 정부에서 대여해 준 유엔대여금 상환 문제를 해결하기 위해 체결되었다."
TRAIN_494,월간 나라재정 2023년 12월호,./train_source/월간 나라재정 2023년 12월호.pdf,"2023년 12월 IMF는 성장 전망을 어떻게 제시하고 있으며, 성장세의 둔화가 어떤 조치로 완화될 수 있는지 설명하고 있는가?","IMF는 최근 세계 경제전망을 통해 작년 3.5%에서 올해 3%, 내년 2.9%로 성장세가 둔화될 것으로 전망하고 있으며, 이에 대비하여 디스인플레이션, 향후 충격에 대비한 완충 장치 재구축, 더 견고하고 안정적인 성장 전망 등을 통해 완화될 수 있다고 언급하고 있습니다."
TRAIN_495,월간 나라재정 2023년 12월호,./train_source/월간 나라재정 2023년 12월호.pdf,한국의 재정금융안정계획이 주로 어떤 목표에 초점을 맞추어 있었는가?,"한국의 재정금융안정계획은 통화량 조절과 물가안정이라는 단기적 목표에 초점을 맞추어 있었으며, 경제적 기반 구축보다는 양적인 안정을 추진하는 과정에서 주로 현상적인 안정을 추구했다고 언급하고 있다."
